a_id,b_id,a_path,b_path,phash_hamming,same_filename,status,pair_id,review_sheet,reviewer,review_date
K075,K278,APPLE ROT LEAVES/4075.jpg.jpeg,SCAB LEAVES/5012.jpg.jpeg,2,False,visually_same_or_nearly_identical_photo_conflicting_folder_labels,P01,cross_folder_pairs_01.jpg,Codex visual review; not a plant pathology diagnosis,2026-10-08
K017,K176,APPLE ROT LEAVES/2010.jpg.jpeg,SCAB LEAVES/1090.jpg.jpeg,4,False,visually_same_or_nearly_identical_photo_conflicting_folder_labels,P02,cross_folder_pairs_01.jpg,Codex visual review; not a plant pathology diagnosis,2026-10-08
K051,K232,APPLE ROT LEAVES/4015.jpg.jpeg,SCAB LEAVES/4015.jpg.jpeg,4,True,visually_same_or_nearly_identical_photo_conflicting_folder_labels,P03,cross_folder_pairs_01.jpg,Codex visual review; not a plant pathology diagnosis,2026-10-08
K052,K233,APPLE ROT LEAVES/4016.jpg.jpeg,SCAB LEAVES/4016.jpg.jpeg,4,True,visually_same_or_nearly_identical_photo_conflicting_folder_labels,P04,cross_folder_pairs_01.jpg,Codex visual review; not a plant pathology diagnosis,2026-10-08
K072,K278,APPLE ROT LEAVES/4072.jpg.jpeg,SCAB LEAVES/5012.jpg.jpeg,4,False,visually_same_or_nearly_identical_photo_conflicting_folder_labels,P05,cross_folder_pairs_01.jpg,Codex visual review; not a plant pathology diagnosis,2026-10-08
K072,K279,APPLE ROT LEAVES/4072.jpg.jpeg,SCAB LEAVES/5015.jpg.jpeg,4,False,visually_same_or_nearly_identical_photo_conflicting_folder_labels,P06,cross_folder_pairs_01.jpg,Codex visual review; not a plant pathology diagnosis,2026-10-08
K075,K279,APPLE ROT LEAVES/4075.jpg.jpeg,SCAB LEAVES/5015.jpg.jpeg,4,False,visually_same_or_nearly_identical_photo_conflicting_folder_labels,P07,cross_folder_pairs_01.jpg,Codex visual review; not a plant pathology diagnosis,2026-10-08
K052,K235,APPLE ROT LEAVES/4016.jpg.jpeg,SCAB LEAVES/4019.jpg.jpeg,6,False,visual_duplicate_not_established,P08,cross_folder_pairs_01.jpg,Codex visual review; not a plant pathology diagnosis,2026-10-08
K046,K228,APPLE ROT LEAVES/4009.jpg.jpeg,SCAB LEAVES/4009.jpg.jpeg,8,True,visually_same_or_nearly_identical_photo_conflicting_folder_labels,P09,cross_folder_pairs_02.jpg,Codex visual review; not a plant pathology diagnosis,2026-10-08
K046,K313,APPLE ROT LEAVES/4009.jpg.jpeg,SCAB LEAVES/5099.jpg.jpeg,8,False,visually_same_or_nearly_identical_photo_conflicting_folder_labels,P10,cross_folder_pairs_02.jpg,Codex visual review; not a plant pathology diagnosis,2026-10-08
K049,K230,APPLE ROT LEAVES/4013.jpg.jpeg,SCAB LEAVES/4013.jpg.jpeg,8,True,visually_same_or_nearly_identical_photo_conflicting_folder_labels,P11,cross_folder_pairs_02.jpg,Codex visual review; not a plant pathology diagnosis,2026-10-08
K050,K231,APPLE ROT LEAVES/4014.jpg.jpeg,SCAB LEAVES/4014.jpg.jpeg,8,True,visually_same_or_nearly_identical_photo_conflicting_folder_labels,P12,cross_folder_pairs_02.jpg,Codex visual review; not a plant pathology diagnosis,2026-10-08
K055,K233,APPLE ROT LEAVES/4029.jpg.jpeg,SCAB LEAVES/4016.jpg.jpeg,8,False,visual_duplicate_not_established,P13,cross_folder_pairs_02.jpg,Codex visual review; not a plant pathology diagnosis,2026-10-08
K038,K259,APPLE ROT LEAVES/3005.jpg.jpeg,SCAB LEAVES/4070.jpg.jpeg,10,False,visual_duplicate_not_established,P14,cross_folder_pairs_02.jpg,Codex visual review; not a plant pathology diagnosis,2026-10-08
K047,K239,APPLE ROT LEAVES/4010.jpg.jpeg,SCAB LEAVES/4023.jpg.jpeg,10,False,visual_duplicate_not_established,P15,cross_folder_pairs_02.jpg,Codex visual review; not a plant pathology diagnosis,2026-10-08
K048,K233,APPLE ROT LEAVES/4012.jpg.jpeg,SCAB LEAVES/4016.jpg.jpeg,10,False,visual_duplicate_not_established,P16,cross_folder_pairs_02.jpg,Codex visual review; not a plant pathology diagnosis,2026-10-08
K052,K303,APPLE ROT LEAVES/4016.jpg.jpeg,SCAB LEAVES/5084.jpg.jpeg,10,False,visual_duplicate_not_established,P17,cross_folder_pairs_03.jpg,Codex visual review; not a plant pathology diagnosis,2026-10-08
K053,K243,APPLE ROT LEAVES/4026.jpg.jpeg,SCAB LEAVES/4033.jpg.jpeg,10,False,visual_duplicate_not_established,P18,cross_folder_pairs_03.jpg,Codex visual review; not a plant pathology diagnosis,2026-10-08
K057,K257,APPLE ROT LEAVES/4034.jpg.jpeg,SCAB LEAVES/4067.jpg.jpeg,10,False,visual_duplicate_not_established,P19,cross_folder_pairs_03.jpg,Codex visual review; not a plant pathology diagnosis,2026-10-08
K057,K272,APPLE ROT LEAVES/4034.jpg.jpeg,SCAB LEAVES/5002.jpg.jpeg,10,False,visual_duplicate_not_established,P20,cross_folder_pairs_03.jpg,Codex visual review; not a plant pathology diagnosis,2026-10-08
K061,K235,APPLE ROT LEAVES/4042.jpg.jpeg,SCAB LEAVES/4019.jpg.jpeg,10,False,visual_duplicate_not_established,P21,cross_folder_pairs_03.jpg,Codex visual review; not a plant pathology diagnosis,2026-10-08
K080,K256,APPLE ROT LEAVES/4085.JPG.jpeg,SCAB LEAVES/4066.jpg.jpeg,10,False,visual_duplicate_not_established,P22,cross_folder_pairs_03.jpg,Codex visual review; not a plant pathology diagnosis,2026-10-08
K100,K278,APPLE ROT LEAVES/5075.jpg.jpeg,SCAB LEAVES/5012.jpg.jpeg,10,False,visual_duplicate_not_established,P23,cross_folder_pairs_03.jpg,Codex visual review; not a plant pathology diagnosis,2026-10-08
K100,K279,APPLE ROT LEAVES/5075.jpg.jpeg,SCAB LEAVES/5015.jpg.jpeg,10,False,visual_duplicate_not_established,P24,cross_folder_pairs_03.jpg,Codex visual review; not a plant pathology diagnosis,2026-10-08
K100,K295,APPLE ROT LEAVES/5075.jpg.jpeg,SCAB LEAVES/5058.jpg.jpeg,10,False,visual_duplicate_not_established,P25,cross_folder_pairs_04.jpg,Codex visual review; not a plant pathology diagnosis,2026-10-08
K038,K258,APPLE ROT LEAVES/3005.jpg.jpeg,SCAB LEAVES/4069.jpg.jpeg,12,False,visual_duplicate_not_established,P26,cross_folder_pairs_04.jpg,Codex visual review; not a plant pathology diagnosis,2026-10-08
K038,K276,APPLE ROT LEAVES/3005.jpg.jpeg,SCAB LEAVES/5010.jpg.jpeg,12,False,visual_duplicate_not_established,P27,cross_folder_pairs_04.jpg,Codex visual review; not a plant pathology diagnosis,2026-10-08
K041,K278,APPLE ROT LEAVES/3010.jpg.jpeg,SCAB LEAVES/5012.jpg.jpeg,12,False,visual_duplicate_not_established,P28,cross_folder_pairs_04.jpg,Codex visual review; not a plant pathology diagnosis,2026-10-08
K041,K279,APPLE ROT LEAVES/3010.jpg.jpeg,SCAB LEAVES/5015.jpg.jpeg,12,False,visual_duplicate_not_established,P29,cross_folder_pairs_04.jpg,Codex visual review; not a plant pathology diagnosis,2026-10-08
K041,K284,APPLE ROT LEAVES/3010.jpg.jpeg,SCAB LEAVES/5040.jpg.jpeg,12,False,visual_duplicate_not_established,P30,cross_folder_pairs_04.jpg,Codex visual review; not a plant pathology diagnosis,2026-10-08
K042,K199,APPLE ROT LEAVES/3027.JPG.jpeg,SCAB LEAVES/3028.JPG.jpeg,12,False,visual_duplicate_not_established,P31,cross_folder_pairs_04.jpg,Codex visual review; not a plant pathology diagnosis,2026-10-08
K047,K233,APPLE ROT LEAVES/4010.jpg.jpeg,SCAB LEAVES/4016.jpg.jpeg,12,False,visual_duplicate_not_established,P32,cross_folder_pairs_04.jpg,Codex visual review; not a plant pathology diagnosis,2026-10-08
K047,K235,APPLE ROT LEAVES/4010.jpg.jpeg,SCAB LEAVES/4019.jpg.jpeg,12,False,visual_duplicate_not_established,P33,cross_folder_pairs_05.jpg,Codex visual review; not a plant pathology diagnosis,2026-10-08
K047,K249,APPLE ROT LEAVES/4010.jpg.jpeg,SCAB LEAVES/4052.jpg.jpeg,12,False,visual_duplicate_not_established,P34,cross_folder_pairs_05.jpg,Codex visual review; not a plant pathology diagnosis,2026-10-08
K047,K265,APPLE ROT LEAVES/4010.jpg.jpeg,SCAB LEAVES/4083.jpg.jpeg,12,False,visual_duplicate_not_established,P35,cross_folder_pairs_05.jpg,Codex visual review; not a plant pathology diagnosis,2026-10-08
K047,K278,APPLE ROT LEAVES/4010.jpg.jpeg,SCAB LEAVES/5012.jpg.jpeg,12,False,visual_duplicate_not_established,P36,cross_folder_pairs_05.jpg,Codex visual review; not a plant pathology diagnosis,2026-10-08
K048,K138,APPLE ROT LEAVES/4012.jpg.jpeg,HEALTHY LEAVES/1052.JPG.jpeg,12,False,visual_duplicate_not_established,P37,cross_folder_pairs_05.jpg,Codex visual review; not a plant pathology diagnosis,2026-10-08
K048,K239,APPLE ROT LEAVES/4012.jpg.jpeg,SCAB LEAVES/4023.jpg.jpeg,12,False,visual_duplicate_not_established,P38,cross_folder_pairs_05.jpg,Codex visual review; not a plant pathology diagnosis,2026-10-08
K048,K265,APPLE ROT LEAVES/4012.jpg.jpeg,SCAB LEAVES/4083.jpg.jpeg,12,False,visual_duplicate_not_established,P39,cross_folder_pairs_05.jpg,Codex visual review; not a plant pathology diagnosis,2026-10-08
K048,K269,APPLE ROT LEAVES/4012.jpg.jpeg,SCAB LEAVES/4098.jpg.jpeg,12,False,visual_duplicate_not_established,P40,cross_folder_pairs_05.jpg,Codex visual review; not a plant pathology diagnosis,2026-10-08
K048,K271,APPLE ROT LEAVES/4012.jpg.jpeg,SCAB LEAVES/5001.jpg.jpeg,12,False,visual_duplicate_not_established,P41,cross_folder_pairs_06.jpg,Codex visual review; not a plant pathology diagnosis,2026-10-08
K048,K278,APPLE ROT LEAVES/4012.jpg.jpeg,SCAB LEAVES/5012.jpg.jpeg,12,False,visual_duplicate_not_established,P42,cross_folder_pairs_06.jpg,Codex visual review; not a plant pathology diagnosis,2026-10-08
K048,K279,APPLE ROT LEAVES/4012.jpg.jpeg,SCAB LEAVES/5015.jpg.jpeg,12,False,visual_duplicate_not_established,P43,cross_folder_pairs_06.jpg,Codex visual review; not a plant pathology diagnosis,2026-10-08
K048,K293,APPLE ROT LEAVES/4012.jpg.jpeg,SCAB LEAVES/5052.jpg.jpeg,12,False,visual_duplicate_not_established,P44,cross_folder_pairs_06.jpg,Codex visual review; not a plant pathology diagnosis,2026-10-08
K050,K235,APPLE ROT LEAVES/4014.jpg.jpeg,SCAB LEAVES/4019.jpg.jpeg,12,False,visual_duplicate_not_established,P45,cross_folder_pairs_06.jpg,Codex visual review; not a plant pathology diagnosis,2026-10-08
K052,K230,APPLE ROT LEAVES/4016.jpg.jpeg,SCAB LEAVES/4013.jpg.jpeg,12,False,visual_duplicate_not_established,P46,cross_folder_pairs_06.jpg,Codex visual review; not a plant pathology diagnosis,2026-10-08
K052,K265,APPLE ROT LEAVES/4016.jpg.jpeg,SCAB LEAVES/4083.jpg.jpeg,12,False,visual_duplicate_not_established,P47,cross_folder_pairs_06.jpg,Codex visual review; not a plant pathology diagnosis,2026-10-08
K052,K278,APPLE ROT LEAVES/4016.jpg.jpeg,SCAB LEAVES/5012.jpg.jpeg,12,False,visual_duplicate_not_established,P48,cross_folder_pairs_06.jpg,Codex visual review; not a plant pathology diagnosis,2026-10-08
K052,K279,APPLE ROT LEAVES/4016.jpg.jpeg,SCAB LEAVES/5015.jpg.jpeg,12,False,visual_duplicate_not_established,P49,cross_folder_pairs_07.jpg,Codex visual review; not a plant pathology diagnosis,2026-10-08
K055,K226,APPLE ROT LEAVES/4029.jpg.jpeg,SCAB LEAVES/4006.jpg.jpeg,12,False,visual_duplicate_not_established,P50,cross_folder_pairs_07.jpg,Codex visual review; not a plant pathology diagnosis,2026-10-08
K055,K235,APPLE ROT LEAVES/4029.jpg.jpeg,SCAB LEAVES/4019.jpg.jpeg,12,False,visual_duplicate_not_established,P51,cross_folder_pairs_07.jpg,Codex visual review; not a plant pathology diagnosis,2026-10-08
K055,K239,APPLE ROT LEAVES/4029.jpg.jpeg,SCAB LEAVES/4023.jpg.jpeg,12,False,visual_duplicate_not_established,P52,cross_folder_pairs_07.jpg,Codex visual review; not a plant pathology diagnosis,2026-10-08
K055,K272,APPLE ROT LEAVES/4029.jpg.jpeg,SCAB LEAVES/5002.jpg.jpeg,12,False,visual_duplicate_not_established,P53,cross_folder_pairs_07.jpg,Codex visual review; not a plant pathology diagnosis,2026-10-08
K055,K278,APPLE ROT LEAVES/4029.jpg.jpeg,SCAB LEAVES/5012.jpg.jpeg,12,False,visual_duplicate_not_established,P54,cross_folder_pairs_07.jpg,Codex visual review; not a plant pathology diagnosis,2026-10-08
K055,K279,APPLE ROT LEAVES/4029.jpg.jpeg,SCAB LEAVES/5015.jpg.jpeg,12,False,visual_duplicate_not_established,P55,cross_folder_pairs_07.jpg,Codex visual review; not a plant pathology diagnosis,2026-10-08
K055,K292,APPLE ROT LEAVES/4029.jpg.jpeg,SCAB LEAVES/5051.jpg.jpeg,12,False,visual_duplicate_not_established,P56,cross_folder_pairs_07.jpg,Codex visual review; not a plant pathology diagnosis,2026-10-08
K055,K303,APPLE ROT LEAVES/4029.jpg.jpeg,SCAB LEAVES/5084.jpg.jpeg,12,False,visual_duplicate_not_established,P57,cross_folder_pairs_08.jpg,Codex visual review; not a plant pathology diagnosis,2026-10-08
K057,K227,APPLE ROT LEAVES/4034.jpg.jpeg,SCAB LEAVES/4007.jpg.jpeg,12,False,visual_duplicate_not_established,P58,cross_folder_pairs_08.jpg,Codex visual review; not a plant pathology diagnosis,2026-10-08
K057,K274,APPLE ROT LEAVES/4034.jpg.jpeg,SCAB LEAVES/5006.jpg.jpeg,12,False,visual_duplicate_not_established,P59,cross_folder_pairs_08.jpg,Codex visual review; not a plant pathology diagnosis,2026-10-08
K061,K230,APPLE ROT LEAVES/4042.jpg.jpeg,SCAB LEAVES/4013.jpg.jpeg,12,False,visual_duplicate_not_established,P60,cross_folder_pairs_08.jpg,Codex visual review; not a plant pathology diagnosis,2026-10-08
K061,K232,APPLE ROT LEAVES/4042.jpg.jpeg,SCAB LEAVES/4015.jpg.jpeg,12,False,visual_duplicate_not_established,P61,cross_folder_pairs_08.jpg,Codex visual review; not a plant pathology diagnosis,2026-10-08
K061,K233,APPLE ROT LEAVES/4042.jpg.jpeg,SCAB LEAVES/4016.jpg.jpeg,12,False,visual_duplicate_not_established,P62,cross_folder_pairs_08.jpg,Codex visual review; not a plant pathology diagnosis,2026-10-08
K061,K239,APPLE ROT LEAVES/4042.jpg.jpeg,SCAB LEAVES/4023.jpg.jpeg,12,False,visual_duplicate_not_established,P63,cross_folder_pairs_08.jpg,Codex visual review; not a plant pathology diagnosis,2026-10-08
K062,K254,APPLE ROT LEAVES/4043.jpg.jpeg,SCAB LEAVES/4063.jpg.jpeg,12,False,visual_duplicate_not_established,P64,cross_folder_pairs_08.jpg,Codex visual review; not a plant pathology diagnosis,2026-10-08
K064,K243,APPLE ROT LEAVES/4049.jpg.jpeg,SCAB LEAVES/4033.jpg.jpeg,12,False,visual_duplicate_not_established,P65,cross_folder_pairs_09.jpg,Codex visual review; not a plant pathology diagnosis,2026-10-08
K068,K274,APPLE ROT LEAVES/4057.jpg.jpeg,SCAB LEAVES/5006.jpg.jpeg,12,False,visual_duplicate_not_established,P66,cross_folder_pairs_09.jpg,Codex visual review; not a plant pathology diagnosis,2026-10-08
K070,K299,APPLE ROT LEAVES/4061.jpg.jpeg,SCAB LEAVES/5070.jpg.jpeg,12,False,visual_duplicate_not_established,P67,cross_folder_pairs_09.jpg,Codex visual review; not a plant pathology diagnosis,2026-10-08
K072,K233,APPLE ROT LEAVES/4072.jpg.jpeg,SCAB LEAVES/4016.jpg.jpeg,12,False,visual_duplicate_not_established,P68,cross_folder_pairs_09.jpg,Codex visual review; not a plant pathology diagnosis,2026-10-08
K075,K233,APPLE ROT LEAVES/4075.jpg.jpeg,SCAB LEAVES/4016.jpg.jpeg,12,False,visual_duplicate_not_established,P69,cross_folder_pairs_09.jpg,Codex visual review; not a plant pathology diagnosis,2026-10-08
K075,K239,APPLE ROT LEAVES/4075.jpg.jpeg,SCAB LEAVES/4023.jpg.jpeg,12,False,visual_duplicate_not_established,P70,cross_folder_pairs_09.jpg,Codex visual review; not a plant pathology diagnosis,2026-10-08
K075,K295,APPLE ROT LEAVES/4075.jpg.jpeg,SCAB LEAVES/5058.jpg.jpeg,12,False,visual_duplicate_not_established,P71,cross_folder_pairs_09.jpg,Codex visual review; not a plant pathology diagnosis,2026-10-08
K078,K310,APPLE ROT LEAVES/4082.jpg.jpeg,SCAB LEAVES/5093.jpg.jpeg,12,False,visual_duplicate_not_established,P72,cross_folder_pairs_09.jpg,Codex visual review; not a plant pathology diagnosis,2026-10-08
K080,K232,APPLE ROT LEAVES/4085.JPG.jpeg,SCAB LEAVES/4015.jpg.jpeg,12,False,visual_duplicate_not_established,P73,cross_folder_pairs_10.jpg,Codex visual review; not a plant pathology diagnosis,2026-10-08
K080,K273,APPLE ROT LEAVES/4085.JPG.jpeg,SCAB LEAVES/5005.jpg.jpeg,12,False,visual_duplicate_not_established,P74,cross_folder_pairs_10.jpg,Codex visual review; not a plant pathology diagnosis,2026-10-08
K080,K278,APPLE ROT LEAVES/4085.JPG.jpeg,SCAB LEAVES/5012.jpg.jpeg,12,False,visual_duplicate_not_established,P75,cross_folder_pairs_10.jpg,Codex visual review; not a plant pathology diagnosis,2026-10-08
K081,K307,APPLE ROT LEAVES/4092.jpg.jpeg,SCAB LEAVES/5090.jpg.jpeg,12,False,visual_duplicate_not_established,P76,cross_folder_pairs_10.jpg,Codex visual review; not a plant pathology diagnosis,2026-10-08
K084,K209,APPLE ROT LEAVES/5000.jpg.jpeg,SCAB LEAVES/3057.JPG.jpeg,12,False,visual_duplicate_not_established,P77,cross_folder_pairs_10.jpg,Codex visual review; not a plant pathology diagnosis,2026-10-08
K087,K310,APPLE ROT LEAVES/5014.jpg.jpeg,SCAB LEAVES/5093.jpg.jpeg,12,False,visual_duplicate_not_established,P78,cross_folder_pairs_10.jpg,Codex visual review; not a plant pathology diagnosis,2026-10-08
K103,K207,APPLE ROT LEAVES/5094.jpg(1).jpeg,SCAB LEAVES/3052.JPG.jpeg,12,False,visual_duplicate_not_established,P79,cross_folder_pairs_10.jpg,Codex visual review; not a plant pathology diagnosis,2026-10-08
K103,K296,APPLE ROT LEAVES/5094.jpg(1).jpeg,SCAB LEAVES/5065.jpg.jpeg,12,False,visual_duplicate_not_established,P80,cross_folder_pairs_10.jpg,Codex visual review; not a plant pathology diagnosis,2026-10-08
K104,K207,APPLE ROT LEAVES/5094.jpg.jpeg,SCAB LEAVES/3052.JPG.jpeg,12,False,visual_duplicate_not_established,P81,cross_folder_pairs_11.jpg,Codex visual review; not a plant pathology diagnosis,2026-10-08
K104,K296,APPLE ROT LEAVES/5094.jpg.jpeg,SCAB LEAVES/5065.jpg.jpeg,12,False,visual_duplicate_not_established,P82,cross_folder_pairs_11.jpg,Codex visual review; not a plant pathology diagnosis,2026-10-08
K131,K163,HEALTHY LEAVES/1041.JPG.jpeg,SCAB LEAVES/1029.JPG.jpeg,12,False,visual_duplicate_not_established,P83,cross_folder_pairs_11.jpg,Codex visual review; not a plant pathology diagnosis,2026-10-08
K047,K229,APPLE ROT LEAVES/4010.jpg.jpeg,SCAB LEAVES/4010.jpg.jpeg,16,True,visually_same_or_nearly_identical_photo_conflicting_folder_labels,P84,cross_folder_pairs_11.jpg,Codex visual review; not a plant pathology diagnosis,2026-10-08
