epoch,train_loss,train_healthy_loss,train_healthy_mean_probability,train_dice,train_iou,train_precision,train_recall,val_loss,val_dice,val_iou,val_precision,val_recall
1,0.48769949241118,0.6798207036086491,0.48027568416936056,0.17258738865744047,0.0944435797291893,0.09558938621074263,0.8873746440219391,0.47133465806643166,0.29110095735460667,0.17034415146282175,0.17190913062525898,0.9492691925643917
2,0.4768391246145422,0.5985700601623172,0.4337549074774697,0.375851576483001,0.23141454995175148,0.23599736391529305,0.9225824203821814,0.46070000330607097,0.48419198757754006,0.31942830728568467,0.33023778463850506,0.9070526465165778
3,0.47002309705271866,0.548171117192223,0.41053604724861326,0.5114548780765086,0.343593802125154,0.35755020581638086,0.8979857978155241,0.456490417321523,0.4987159033430302,0.3321928903757861,0.343569054257796,0.9093585923091054
4,0.4680782310890429,0.524224362203053,0.399483893598829,0.5494817676407793,0.37881755319069704,0.3968197150819186,0.8930508107947032,0.4529816965262095,0.5557615110823024,0.3848128375940776,0.40897755611071485,0.8668937136374809
5,0.4668334545511188,0.5054383228222529,0.39060813117594945,0.587667102930537,0.416096731974424,0.43873139647566956,0.8896889001801681,0.4512436926364899,0.6188449289569775,0.44806332173148555,0.5443648313771566,0.716936284944952
6,0.46434512860847243,0.4928036502429417,0.3840458144744237,0.6048738171310821,0.4335620853213884,0.45250689415320494,0.911939756883378,0.44882824619611106,0.5757794601061165,0.40427689671555966,0.44357685519253404,0.8202426564501907
7,0.4618468777699904,0.48464170027346837,0.37810935718672617,0.6089254802310516,0.43773749829895936,0.4613074279662993,0.8954777205327485,0.4488236943880717,0.6463515071657412,0.47748844001089075,0.5592205840448806,0.7656449553009591
8,0.46390198703968166,0.47396681493236903,0.3714335262775421,0.5980778507551572,0.426612740998033,0.4444763112901114,0.9139033794511404,0.45141398906707764,0.6362728529735054,0.4665690305878821,0.6936024116576218,0.5876968922960562
9,0.462145988146464,0.46119006829602377,0.3645063198748089,0.6271482781757749,0.4568215694426687,0.4759420657307307,0.9191662824242935,0.4452994088331858,0.6369065340368174,0.46725081584020545,0.6289212464993985,0.6450972044854367
10,0.4593225939707323,0.4579025386344819,0.3605584154526393,0.6158633676661078,0.4449440563015031,0.46481003797565007,0.9123612906230885,0.440801864862442,0.6451708546443626,0.4762008972546751,0.5541548883297575,0.7719596991635733
11,0.4573850949605306,0.43905583236898693,0.351335272192955,0.6374059275662561,0.4677885662806488,0.48828133002811985,0.9176683941813972,0.4496679723262787,0.6841735374283341,0.5199572716389975,0.6619017611367387,0.7079963104877679
12,0.4535141383156632,0.42657995578788577,0.34350352982680005,0.6677816830283422,0.5012554432867645,0.5214077825070741,0.928413626798285,0.44569622675577797,0.6584454409572899,0.4908077994443153,0.695562924365642,0.6250886902241198
13,0.45220067392696034,0.41599122044586,0.3363325297832489,0.6660328580473156,0.4992873040878654,0.5220071841269738,0.9198173121624117,0.4359483182430267,0.6622050593977449,0.4949974314452531,0.6145599222510644,0.717858663261963
14,0.45042582389080166,0.40635559317611514,0.3298574537038803,0.6588554604046356,0.49126357447158686,0.5163733904464366,0.9099313336802235,0.4283475895722707,0.4961562312369,0.3299253829043986,0.34334173421518516,0.8941038739893071
15,0.45132502913475037,0.39637886200632366,0.32278716351304737,0.6658697403387498,0.4991039934195452,0.5237311460971569,0.913898137066006,0.43420589764912926,0.6654917856240273,0.49867942246889696,0.7426685896606675,0.602845182348507
16,0.448523959607789,0.38588532379695345,0.3153541286786397,0.6653465346534897,0.49851632047483196,0.5265925372054863,0.9033824230649681,0.4271962245305379,0.6593010408798835,0.4917591950049394,0.7267017049107948,0.6033418475961284
17,0.44267735120021934,0.3745474708931787,0.307824765642484,0.6953707720559378,0.5330026011695215,0.5625662583723815,0.9102535026711178,0.4401461362838745,0.6683219043121535,0.5018644569413973,0.7516843971642213,0.6016035192294537
18,0.44464908946644177,0.3632473597923915,0.30004754449640003,0.6655639125943945,0.4987604268769551,0.5527618429591755,0.8362090291876252,0.4225332816441854,0.685645966177423,0.5216600311136613,0.6701327733380635,0.7018944231598485
19,0.4400695271564252,0.3519354448432014,0.2924244176773798,0.691684956643781,0.5286837907706355,0.5589812240728278,0.9070122430703875,0.4318008561929067,0.6533070687179837,0.4851195499311248,0.7008289987008256,0.6118206328948069
20,0.44159852356621715,0.34634720924354734,0.2872039363497779,0.6865854510555441,0.5227484738975697,0.5591894284527146,0.8891551393751663,0.4266376594702403,0.6802954994218011,0.5154907777646963,0.6538939790587242,0.7089186888047789
21,0.4370501216613885,0.34593360126018524,0.2840953086103712,0.705189602319267,0.544627694975601,0.5718945875463728,0.9195041258480343,0.4264286975065867,0.6735780238562192,0.5078157901268169,0.627302772508638,0.7272243507885369
22,0.43277242599111615,0.3293371136699404,0.27510485904557364,0.7134637652305943,0.5545617340179329,0.5883087376999407,0.9062584578326455,0.4228642761707306,0.6717373480109698,0.5057262936708544,0.660820319204871,0.6830211437502376
23,0.43614879286650454,0.31955881132965996,0.2680885174444744,0.678863115171497,0.5138476738991784,0.5420231707896654,0.9081312212245243,0.4253985206286112,0.6540198114995038,0.48590597178774547,0.6336449219931685,0.6757485454814965
24,0.43538296854857245,0.3081978453057153,0.26016725032102495,0.6925882779177559,0.5297399940813959,0.5562059134568815,0.9175800087681028,0.4070808470249176,0.6622348077597979,0.4950306762366824,0.5777167164269129,0.7757201646098492
25,0.4243621132590554,0.2989388583671479,0.2534936432327543,0.7141925845049261,0.5554428881793103,0.5955686317242871,0.8918239769093176,0.3973425030708313,0.6848082722969672,0.5206908299931319,0.665884639877783,0.7048389385564607
26,0.4249868196068388,0.2987965792417526,0.25163835287094116,0.6944967852938735,0.5319763118700869,0.5655105938927686,0.8997098152277745,0.4227117319901784,0.6707200994586711,0.5045740172453469,0.7412305182270352,0.6124592024988915
27,0.4231023112932841,0.28291547014599755,0.24162900767156056,0.7043430364260435,0.5436184547514866,0.5792796115311846,0.8982761348667787,0.4026705125967662,0.6698938745118788,0.5036394176945587,0.7048820625354405,0.6382148431969696
28,0.41394938682064863,0.2734837539139248,0.23476542638880865,0.7320347568257812,0.5773303020461646,0.6122315431041163,0.9101319766459688,0.4067678232987722,0.6664246407832727,0.49972777029687443,0.7221716084159261,0.6186675180941583
29,0.4168276763323582,0.26684243480364483,0.22940128935234888,0.7154930951752526,0.5570177104442293,0.5862510875444322,0.9178342917307999,0.4030413508415222,0.6626462903982273,0.4954906735903458,0.6685563660010524,0.6568397899827698
30,0.4187428380503799,0.25794180589062826,0.2225324266723224,0.7148499700445569,0.5562385350987954,0.5970198020757459,0.890627754135945,0.41333948572476703,0.6772902405272935,0.5120475113135972,0.7162750217591729,0.6423300695344035
