epoch,phase,backbone_lr,head_lr,seconds,train_loss,train_accuracy,train_macro_f1,val_loss,val_accuracy,val_macro_f1
1,head,0.0,0.001,44.239705299998604,0.4827216855121049,0.8699186991869918,0.8437275799357501,0.26918020714577257,0.9263157894736842,0.912050931210383
2,head,0.0,0.001,43.21709710000141,0.15608409725656353,0.966576332429991,0.9638550093976066,0.1628276863411818,0.9557894736842105,0.9503836546781044
3,head,0.0,0.001,43.3204493000012,0.1001764379584593,0.9796747967479674,0.9781552629960919,0.1198211848971071,0.9663157894736842,0.9659500327735857
4,finetune,0.0001,0.0003,142.41577000000325,0.2068554989733878,0.9245709123757905,0.9217102384846902,0.04027303711357707,0.9873684210526316,0.9881344282869897
5,finetune,9.829629131445342e-05,0.0002948888739433602,139.3682867000025,0.053541057402318605,0.982836495031617,0.9822401305898625,0.014701041417386988,0.9936842105263158,0.9936641345177931
6,finetune,9.330127018922195e-05,0.0002799038105676658,145.18552400000044,0.025983281799524086,0.9914182475158085,0.9901868330464104,0.007678132813002858,0.9978947368421053,0.9973258973258974
7,finetune,8.535533905932738e-05,0.00025606601717798207,135.3702372000007,0.022517453935532766,0.9932249322493225,0.9930186818661497,0.004810589986837107,0.9978947368421053,0.9981680837077985
8,finetune,7.500000000000001e-05,0.00022499999999999997,138.21432880000066,0.017419092428014513,0.9923215898825655,0.9922682168101065,0.005025235077592891,0.9978947368421053,0.9981680837077985
9,finetune,6.294095225512605e-05,0.0001888228567653781,142.61883569999918,0.010054137492673853,0.997289972899729,0.997460104021585,0.003505475663228016,0.9978947368421053,0.9981680837077985
10,finetune,5.000000000000001e-05,0.00015,174.555984300001,0.012142693845640257,0.9950316169828365,0.9954948094952523,0.0021315451101796353,0.9978947368421053,0.9981680837077985
11,finetune,3.705904774487398e-05,0.0001111771432346219,188.951802399999,0.0050847995037024436,1.0,1.0,0.0020612074666226414,1.0,1.0
12,finetune,2.5000000000000018e-05,7.500000000000003e-05,181.52446520000012,0.00889549261047619,0.998193315266486,0.9978872032895147,0.0013972233479354603,1.0,1.0
13,finetune,1.4644660940672632e-05,4.393398282201788e-05,180.0215528000008,0.01085812711534567,0.9977416440831075,0.9974874638176414,0.0023576691774256737,1.0,1.0
14,finetune,6.698729810778067e-06,2.0096189432334194e-05,186.0487288000004,0.0049683862209138644,0.998193315266486,0.9982559908345159,0.0019651930288054767,0.9978947368421053,0.9981680837077985
15,finetune,1.7037086855465907e-06,5.1111260566397705e-06,179.21835780000038,0.006880630405140943,0.998193315266486,0.997889494540988,0.0027327134174720117,0.9978947368421053,0.9981680837077985
