image_path,mask_path,disease,source
data/lesion_zenodo/restricted/Restricted_Plant_Village_Dataset/images/train/black_rot_1.png,data/lesion_zenodo/restricted/Restricted_Plant_Village_Dataset/masks/train/black_rot_1.png,black_rot,real
data/lesion_zenodo/restricted/Restricted_Plant_Village_Dataset/images/train/black_rot_10.png,data/lesion_zenodo/restricted/Restricted_Plant_Village_Dataset/masks/train/black_rot_10.png,black_rot,real
data/lesion_zenodo/restricted/Restricted_Plant_Village_Dataset/images/train/black_rot_2.png,data/lesion_zenodo/restricted/Restricted_Plant_Village_Dataset/masks/train/black_rot_2.png,black_rot,real
data/lesion_zenodo/restricted/Restricted_Plant_Village_Dataset/images/train/black_rot_3.png,data/lesion_zenodo/restricted/Restricted_Plant_Village_Dataset/masks/train/black_rot_3.png,black_rot,real
data/lesion_zenodo/restricted/Restricted_Plant_Village_Dataset/images/train/black_rot_4.png,data/lesion_zenodo/restricted/Restricted_Plant_Village_Dataset/masks/train/black_rot_4.png,black_rot,real
data/lesion_zenodo/restricted/Restricted_Plant_Village_Dataset/images/train/black_rot_5.png,data/lesion_zenodo/restricted/Restricted_Plant_Village_Dataset/masks/train/black_rot_5.png,black_rot,real
data/lesion_zenodo/restricted/Restricted_Plant_Village_Dataset/images/train/black_rot_6.png,data/lesion_zenodo/restricted/Restricted_Plant_Village_Dataset/masks/train/black_rot_6.png,black_rot,real
data/lesion_zenodo/restricted/Restricted_Plant_Village_Dataset/images/train/black_rot_7.png,data/lesion_zenodo/restricted/Restricted_Plant_Village_Dataset/masks/train/black_rot_7.png,black_rot,real
data/lesion_zenodo/restricted/Restricted_Plant_Village_Dataset/images/train/black_rot_8.png,data/lesion_zenodo/restricted/Restricted_Plant_Village_Dataset/masks/train/black_rot_8.png,black_rot,real
data/lesion_zenodo/restricted/Restricted_Plant_Village_Dataset/images/train/black_rot_9.png,data/lesion_zenodo/restricted/Restricted_Plant_Village_Dataset/masks/train/black_rot_9.png,black_rot,real
data/lesion_zenodo/restricted/Restricted_Plant_Village_Dataset/images/train/cedar_rust_1.png,data/lesion_zenodo/restricted/Restricted_Plant_Village_Dataset/masks/train/cedar_rust_1.png,cedar_rust,real
data/lesion_zenodo/restricted/Restricted_Plant_Village_Dataset/images/train/cedar_rust_10.png,data/lesion_zenodo/restricted/Restricted_Plant_Village_Dataset/masks/train/cedar_rust_10.png,cedar_rust,real
data/lesion_zenodo/restricted/Restricted_Plant_Village_Dataset/images/train/cedar_rust_2.png,data/lesion_zenodo/restricted/Restricted_Plant_Village_Dataset/masks/train/cedar_rust_2.png,cedar_rust,real
data/lesion_zenodo/restricted/Restricted_Plant_Village_Dataset/images/train/cedar_rust_3.png,data/lesion_zenodo/restricted/Restricted_Plant_Village_Dataset/masks/train/cedar_rust_3.png,cedar_rust,real
data/lesion_zenodo/restricted/Restricted_Plant_Village_Dataset/images/train/cedar_rust_4.png,data/lesion_zenodo/restricted/Restricted_Plant_Village_Dataset/masks/train/cedar_rust_4.png,cedar_rust,real
data/lesion_zenodo/restricted/Restricted_Plant_Village_Dataset/images/train/cedar_rust_5.png,data/lesion_zenodo/restricted/Restricted_Plant_Village_Dataset/masks/train/cedar_rust_5.png,cedar_rust,real
data/lesion_zenodo/restricted/Restricted_Plant_Village_Dataset/images/train/cedar_rust_6.png,data/lesion_zenodo/restricted/Restricted_Plant_Village_Dataset/masks/train/cedar_rust_6.png,cedar_rust,real
data/lesion_zenodo/restricted/Restricted_Plant_Village_Dataset/images/train/cedar_rust_7.png,data/lesion_zenodo/restricted/Restricted_Plant_Village_Dataset/masks/train/cedar_rust_7.png,cedar_rust,real
data/lesion_zenodo/restricted/Restricted_Plant_Village_Dataset/images/train/cedar_rust_8.png,data/lesion_zenodo/restricted/Restricted_Plant_Village_Dataset/masks/train/cedar_rust_8.png,cedar_rust,real
data/lesion_zenodo/restricted/Restricted_Plant_Village_Dataset/images/train/cedar_rust_9.png,data/lesion_zenodo/restricted/Restricted_Plant_Village_Dataset/masks/train/cedar_rust_9.png,cedar_rust,real
data/lesion_zenodo/restricted/Restricted_Plant_Village_Dataset/images/train/scab_1.png,data/lesion_zenodo/restricted/Restricted_Plant_Village_Dataset/masks/train/scab_1.png,scab,real
data/lesion_zenodo/restricted/Restricted_Plant_Village_Dataset/images/train/scab_10.png,data/lesion_zenodo/restricted/Restricted_Plant_Village_Dataset/masks/train/scab_10.png,scab,real
data/lesion_zenodo/restricted/Restricted_Plant_Village_Dataset/images/train/scab_2.png,data/lesion_zenodo/restricted/Restricted_Plant_Village_Dataset/masks/train/scab_2.png,scab,real
data/lesion_zenodo/restricted/Restricted_Plant_Village_Dataset/images/train/scab_3.png,data/lesion_zenodo/restricted/Restricted_Plant_Village_Dataset/masks/train/scab_3.png,scab,real
data/lesion_zenodo/restricted/Restricted_Plant_Village_Dataset/images/train/scab_4.png,data/lesion_zenodo/restricted/Restricted_Plant_Village_Dataset/masks/train/scab_4.png,scab,real
data/lesion_zenodo/restricted/Restricted_Plant_Village_Dataset/images/train/scab_5.png,data/lesion_zenodo/restricted/Restricted_Plant_Village_Dataset/masks/train/scab_5.png,scab,real
data/lesion_zenodo/restricted/Restricted_Plant_Village_Dataset/images/train/scab_6.png,data/lesion_zenodo/restricted/Restricted_Plant_Village_Dataset/masks/train/scab_6.png,scab,real
data/lesion_zenodo/restricted/Restricted_Plant_Village_Dataset/images/train/scab_7.png,data/lesion_zenodo/restricted/Restricted_Plant_Village_Dataset/masks/train/scab_7.png,scab,real
data/lesion_zenodo/restricted/Restricted_Plant_Village_Dataset/images/train/scab_8.png,data/lesion_zenodo/restricted/Restricted_Plant_Village_Dataset/masks/train/scab_8.png,scab,real
data/lesion_zenodo/restricted/Restricted_Plant_Village_Dataset/images/train/scab_9.png,data/lesion_zenodo/restricted/Restricted_Plant_Village_Dataset/masks/train/scab_9.png,scab,real
data/lesion_zenodo/synthetic/Synthetic_Dataset/stable_diffusion_images/black_rot/model_1_synthetic_black_rot_0.png,data/lesion_zenodo/synthetic/Synthetic_Dataset/masks/black_rot/model_1_synthetic_black_rot_0.png,black_rot,synthetic
data/lesion_zenodo/synthetic/Synthetic_Dataset/stable_diffusion_images/black_rot/model_1_synthetic_black_rot_1.png,data/lesion_zenodo/synthetic/Synthetic_Dataset/masks/black_rot/model_1_synthetic_black_rot_1.png,black_rot,synthetic
data/lesion_zenodo/synthetic/Synthetic_Dataset/stable_diffusion_images/black_rot/model_1_synthetic_black_rot_10.png,data/lesion_zenodo/synthetic/Synthetic_Dataset/masks/black_rot/model_1_synthetic_black_rot_10.png,black_rot,synthetic
data/lesion_zenodo/synthetic/Synthetic_Dataset/stable_diffusion_images/black_rot/model_1_synthetic_black_rot_11.png,data/lesion_zenodo/synthetic/Synthetic_Dataset/masks/black_rot/model_1_synthetic_black_rot_11.png,black_rot,synthetic
data/lesion_zenodo/synthetic/Synthetic_Dataset/stable_diffusion_images/black_rot/model_1_synthetic_black_rot_12.png,data/lesion_zenodo/synthetic/Synthetic_Dataset/masks/black_rot/model_1_synthetic_black_rot_12.png,black_rot,synthetic
data/lesion_zenodo/synthetic/Synthetic_Dataset/stable_diffusion_images/black_rot/model_1_synthetic_black_rot_13.png,data/lesion_zenodo/synthetic/Synthetic_Dataset/masks/black_rot/model_1_synthetic_black_rot_13.png,black_rot,synthetic
data/lesion_zenodo/synthetic/Synthetic_Dataset/stable_diffusion_images/black_rot/model_1_synthetic_black_rot_14.png,data/lesion_zenodo/synthetic/Synthetic_Dataset/masks/black_rot/model_1_synthetic_black_rot_14.png,black_rot,synthetic
data/lesion_zenodo/synthetic/Synthetic_Dataset/stable_diffusion_images/black_rot/model_1_synthetic_black_rot_15.png,data/lesion_zenodo/synthetic/Synthetic_Dataset/masks/black_rot/model_1_synthetic_black_rot_15.png,black_rot,synthetic
data/lesion_zenodo/synthetic/Synthetic_Dataset/stable_diffusion_images/black_rot/model_1_synthetic_black_rot_16.png,data/lesion_zenodo/synthetic/Synthetic_Dataset/masks/black_rot/model_1_synthetic_black_rot_16.png,black_rot,synthetic
data/lesion_zenodo/synthetic/Synthetic_Dataset/stable_diffusion_images/black_rot/model_1_synthetic_black_rot_17.png,data/lesion_zenodo/synthetic/Synthetic_Dataset/masks/black_rot/model_1_synthetic_black_rot_17.png,black_rot,synthetic
data/lesion_zenodo/synthetic/Synthetic_Dataset/stable_diffusion_images/black_rot/model_1_synthetic_black_rot_18.png,data/lesion_zenodo/synthetic/Synthetic_Dataset/masks/black_rot/model_1_synthetic_black_rot_18.png,black_rot,synthetic
data/lesion_zenodo/synthetic/Synthetic_Dataset/stable_diffusion_images/black_rot/model_1_synthetic_black_rot_19.png,data/lesion_zenodo/synthetic/Synthetic_Dataset/masks/black_rot/model_1_synthetic_black_rot_19.png,black_rot,synthetic
data/lesion_zenodo/synthetic/Synthetic_Dataset/stable_diffusion_images/black_rot/model_1_synthetic_black_rot_2.png,data/lesion_zenodo/synthetic/Synthetic_Dataset/masks/black_rot/model_1_synthetic_black_rot_2.png,black_rot,synthetic
data/lesion_zenodo/synthetic/Synthetic_Dataset/stable_diffusion_images/black_rot/model_1_synthetic_black_rot_20.png,data/lesion_zenodo/synthetic/Synthetic_Dataset/masks/black_rot/model_1_synthetic_black_rot_20.png,black_rot,synthetic
data/lesion_zenodo/synthetic/Synthetic_Dataset/stable_diffusion_images/black_rot/model_1_synthetic_black_rot_21.png,data/lesion_zenodo/synthetic/Synthetic_Dataset/masks/black_rot/model_1_synthetic_black_rot_21.png,black_rot,synthetic
data/lesion_zenodo/synthetic/Synthetic_Dataset/stable_diffusion_images/black_rot/model_1_synthetic_black_rot_22.png,data/lesion_zenodo/synthetic/Synthetic_Dataset/masks/black_rot/model_1_synthetic_black_rot_22.png,black_rot,synthetic
data/lesion_zenodo/synthetic/Synthetic_Dataset/stable_diffusion_images/black_rot/model_1_synthetic_black_rot_23.png,data/lesion_zenodo/synthetic/Synthetic_Dataset/masks/black_rot/model_1_synthetic_black_rot_23.png,black_rot,synthetic
data/lesion_zenodo/synthetic/Synthetic_Dataset/stable_diffusion_images/black_rot/model_1_synthetic_black_rot_24.png,data/lesion_zenodo/synthetic/Synthetic_Dataset/masks/black_rot/model_1_synthetic_black_rot_24.png,black_rot,synthetic
data/lesion_zenodo/synthetic/Synthetic_Dataset/stable_diffusion_images/black_rot/model_1_synthetic_black_rot_25.png,data/lesion_zenodo/synthetic/Synthetic_Dataset/masks/black_rot/model_1_synthetic_black_rot_25.png,black_rot,synthetic
data/lesion_zenodo/synthetic/Synthetic_Dataset/stable_diffusion_images/black_rot/model_1_synthetic_black_rot_26.png,data/lesion_zenodo/synthetic/Synthetic_Dataset/masks/black_rot/model_1_synthetic_black_rot_26.png,black_rot,synthetic
data/lesion_zenodo/synthetic/Synthetic_Dataset/stable_diffusion_images/black_rot/model_1_synthetic_black_rot_27.png,data/lesion_zenodo/synthetic/Synthetic_Dataset/masks/black_rot/model_1_synthetic_black_rot_27.png,black_rot,synthetic
data/lesion_zenodo/synthetic/Synthetic_Dataset/stable_diffusion_images/black_rot/model_1_synthetic_black_rot_28.png,data/lesion_zenodo/synthetic/Synthetic_Dataset/masks/black_rot/model_1_synthetic_black_rot_28.png,black_rot,synthetic
data/lesion_zenodo/synthetic/Synthetic_Dataset/stable_diffusion_images/black_rot/model_1_synthetic_black_rot_29.png,data/lesion_zenodo/synthetic/Synthetic_Dataset/masks/black_rot/model_1_synthetic_black_rot_29.png,black_rot,synthetic
data/lesion_zenodo/synthetic/Synthetic_Dataset/stable_diffusion_images/black_rot/model_1_synthetic_black_rot_3.png,data/lesion_zenodo/synthetic/Synthetic_Dataset/masks/black_rot/model_1_synthetic_black_rot_3.png,black_rot,synthetic
data/lesion_zenodo/synthetic/Synthetic_Dataset/stable_diffusion_images/black_rot/model_1_synthetic_black_rot_30.png,data/lesion_zenodo/synthetic/Synthetic_Dataset/masks/black_rot/model_1_synthetic_black_rot_30.png,black_rot,synthetic
data/lesion_zenodo/synthetic/Synthetic_Dataset/stable_diffusion_images/black_rot/model_1_synthetic_black_rot_31.png,data/lesion_zenodo/synthetic/Synthetic_Dataset/masks/black_rot/model_1_synthetic_black_rot_31.png,black_rot,synthetic
data/lesion_zenodo/synthetic/Synthetic_Dataset/stable_diffusion_images/black_rot/model_1_synthetic_black_rot_32.png,data/lesion_zenodo/synthetic/Synthetic_Dataset/masks/black_rot/model_1_synthetic_black_rot_32.png,black_rot,synthetic
data/lesion_zenodo/synthetic/Synthetic_Dataset/stable_diffusion_images/black_rot/model_1_synthetic_black_rot_4.png,data/lesion_zenodo/synthetic/Synthetic_Dataset/masks/black_rot/model_1_synthetic_black_rot_4.png,black_rot,synthetic
data/lesion_zenodo/synthetic/Synthetic_Dataset/stable_diffusion_images/black_rot/model_1_synthetic_black_rot_5.png,data/lesion_zenodo/synthetic/Synthetic_Dataset/masks/black_rot/model_1_synthetic_black_rot_5.png,black_rot,synthetic
data/lesion_zenodo/synthetic/Synthetic_Dataset/stable_diffusion_images/black_rot/model_1_synthetic_black_rot_6.png,data/lesion_zenodo/synthetic/Synthetic_Dataset/masks/black_rot/model_1_synthetic_black_rot_6.png,black_rot,synthetic
data/lesion_zenodo/synthetic/Synthetic_Dataset/stable_diffusion_images/black_rot/model_1_synthetic_black_rot_7.png,data/lesion_zenodo/synthetic/Synthetic_Dataset/masks/black_rot/model_1_synthetic_black_rot_7.png,black_rot,synthetic
data/lesion_zenodo/synthetic/Synthetic_Dataset/stable_diffusion_images/black_rot/model_1_synthetic_black_rot_8.png,data/lesion_zenodo/synthetic/Synthetic_Dataset/masks/black_rot/model_1_synthetic_black_rot_8.png,black_rot,synthetic
data/lesion_zenodo/synthetic/Synthetic_Dataset/stable_diffusion_images/black_rot/model_1_synthetic_black_rot_9.png,data/lesion_zenodo/synthetic/Synthetic_Dataset/masks/black_rot/model_1_synthetic_black_rot_9.png,black_rot,synthetic
data/lesion_zenodo/synthetic/Synthetic_Dataset/stable_diffusion_images/black_rot/model_2_synthetic_black_rot_0.png,data/lesion_zenodo/synthetic/Synthetic_Dataset/masks/black_rot/model_2_synthetic_black_rot_0.png,black_rot,synthetic
data/lesion_zenodo/synthetic/Synthetic_Dataset/stable_diffusion_images/black_rot/model_2_synthetic_black_rot_1.png,data/lesion_zenodo/synthetic/Synthetic_Dataset/masks/black_rot/model_2_synthetic_black_rot_1.png,black_rot,synthetic
data/lesion_zenodo/synthetic/Synthetic_Dataset/stable_diffusion_images/black_rot/model_2_synthetic_black_rot_10.png,data/lesion_zenodo/synthetic/Synthetic_Dataset/masks/black_rot/model_2_synthetic_black_rot_10.png,black_rot,synthetic
data/lesion_zenodo/synthetic/Synthetic_Dataset/stable_diffusion_images/black_rot/model_2_synthetic_black_rot_11.png,data/lesion_zenodo/synthetic/Synthetic_Dataset/masks/black_rot/model_2_synthetic_black_rot_11.png,black_rot,synthetic
data/lesion_zenodo/synthetic/Synthetic_Dataset/stable_diffusion_images/black_rot/model_2_synthetic_black_rot_12.png,data/lesion_zenodo/synthetic/Synthetic_Dataset/masks/black_rot/model_2_synthetic_black_rot_12.png,black_rot,synthetic
data/lesion_zenodo/synthetic/Synthetic_Dataset/stable_diffusion_images/black_rot/model_2_synthetic_black_rot_13.png,data/lesion_zenodo/synthetic/Synthetic_Dataset/masks/black_rot/model_2_synthetic_black_rot_13.png,black_rot,synthetic
data/lesion_zenodo/synthetic/Synthetic_Dataset/stable_diffusion_images/black_rot/model_2_synthetic_black_rot_14.png,data/lesion_zenodo/synthetic/Synthetic_Dataset/masks/black_rot/model_2_synthetic_black_rot_14.png,black_rot,synthetic
data/lesion_zenodo/synthetic/Synthetic_Dataset/stable_diffusion_images/black_rot/model_2_synthetic_black_rot_15.png,data/lesion_zenodo/synthetic/Synthetic_Dataset/masks/black_rot/model_2_synthetic_black_rot_15.png,black_rot,synthetic
data/lesion_zenodo/synthetic/Synthetic_Dataset/stable_diffusion_images/black_rot/model_2_synthetic_black_rot_16.png,data/lesion_zenodo/synthetic/Synthetic_Dataset/masks/black_rot/model_2_synthetic_black_rot_16.png,black_rot,synthetic
data/lesion_zenodo/synthetic/Synthetic_Dataset/stable_diffusion_images/black_rot/model_2_synthetic_black_rot_17.png,data/lesion_zenodo/synthetic/Synthetic_Dataset/masks/black_rot/model_2_synthetic_black_rot_17.png,black_rot,synthetic
data/lesion_zenodo/synthetic/Synthetic_Dataset/stable_diffusion_images/black_rot/model_2_synthetic_black_rot_18.png,data/lesion_zenodo/synthetic/Synthetic_Dataset/masks/black_rot/model_2_synthetic_black_rot_18.png,black_rot,synthetic
data/lesion_zenodo/synthetic/Synthetic_Dataset/stable_diffusion_images/black_rot/model_2_synthetic_black_rot_19.png,data/lesion_zenodo/synthetic/Synthetic_Dataset/masks/black_rot/model_2_synthetic_black_rot_19.png,black_rot,synthetic
data/lesion_zenodo/synthetic/Synthetic_Dataset/stable_diffusion_images/black_rot/model_2_synthetic_black_rot_2.png,data/lesion_zenodo/synthetic/Synthetic_Dataset/masks/black_rot/model_2_synthetic_black_rot_2.png,black_rot,synthetic
data/lesion_zenodo/synthetic/Synthetic_Dataset/stable_diffusion_images/black_rot/model_2_synthetic_black_rot_20.png,data/lesion_zenodo/synthetic/Synthetic_Dataset/masks/black_rot/model_2_synthetic_black_rot_20.png,black_rot,synthetic
data/lesion_zenodo/synthetic/Synthetic_Dataset/stable_diffusion_images/black_rot/model_2_synthetic_black_rot_21.png,data/lesion_zenodo/synthetic/Synthetic_Dataset/masks/black_rot/model_2_synthetic_black_rot_21.png,black_rot,synthetic
data/lesion_zenodo/synthetic/Synthetic_Dataset/stable_diffusion_images/black_rot/model_2_synthetic_black_rot_22.png,data/lesion_zenodo/synthetic/Synthetic_Dataset/masks/black_rot/model_2_synthetic_black_rot_22.png,black_rot,synthetic
data/lesion_zenodo/synthetic/Synthetic_Dataset/stable_diffusion_images/black_rot/model_2_synthetic_black_rot_23.png,data/lesion_zenodo/synthetic/Synthetic_Dataset/masks/black_rot/model_2_synthetic_black_rot_23.png,black_rot,synthetic
data/lesion_zenodo/synthetic/Synthetic_Dataset/stable_diffusion_images/black_rot/model_2_synthetic_black_rot_24.png,data/lesion_zenodo/synthetic/Synthetic_Dataset/masks/black_rot/model_2_synthetic_black_rot_24.png,black_rot,synthetic
data/lesion_zenodo/synthetic/Synthetic_Dataset/stable_diffusion_images/black_rot/model_2_synthetic_black_rot_25.png,data/lesion_zenodo/synthetic/Synthetic_Dataset/masks/black_rot/model_2_synthetic_black_rot_25.png,black_rot,synthetic
data/lesion_zenodo/synthetic/Synthetic_Dataset/stable_diffusion_images/black_rot/model_2_synthetic_black_rot_26.png,data/lesion_zenodo/synthetic/Synthetic_Dataset/masks/black_rot/model_2_synthetic_black_rot_26.png,black_rot,synthetic
data/lesion_zenodo/synthetic/Synthetic_Dataset/stable_diffusion_images/black_rot/model_2_synthetic_black_rot_27.png,data/lesion_zenodo/synthetic/Synthetic_Dataset/masks/black_rot/model_2_synthetic_black_rot_27.png,black_rot,synthetic
data/lesion_zenodo/synthetic/Synthetic_Dataset/stable_diffusion_images/black_rot/model_2_synthetic_black_rot_28.png,data/lesion_zenodo/synthetic/Synthetic_Dataset/masks/black_rot/model_2_synthetic_black_rot_28.png,black_rot,synthetic
data/lesion_zenodo/synthetic/Synthetic_Dataset/stable_diffusion_images/black_rot/model_2_synthetic_black_rot_29.png,data/lesion_zenodo/synthetic/Synthetic_Dataset/masks/black_rot/model_2_synthetic_black_rot_29.png,black_rot,synthetic
data/lesion_zenodo/synthetic/Synthetic_Dataset/stable_diffusion_images/black_rot/model_2_synthetic_black_rot_3.png,data/lesion_zenodo/synthetic/Synthetic_Dataset/masks/black_rot/model_2_synthetic_black_rot_3.png,black_rot,synthetic
data/lesion_zenodo/synthetic/Synthetic_Dataset/stable_diffusion_images/black_rot/model_2_synthetic_black_rot_30.png,data/lesion_zenodo/synthetic/Synthetic_Dataset/masks/black_rot/model_2_synthetic_black_rot_30.png,black_rot,synthetic
data/lesion_zenodo/synthetic/Synthetic_Dataset/stable_diffusion_images/black_rot/model_2_synthetic_black_rot_31.png,data/lesion_zenodo/synthetic/Synthetic_Dataset/masks/black_rot/model_2_synthetic_black_rot_31.png,black_rot,synthetic
data/lesion_zenodo/synthetic/Synthetic_Dataset/stable_diffusion_images/black_rot/model_2_synthetic_black_rot_32.png,data/lesion_zenodo/synthetic/Synthetic_Dataset/masks/black_rot/model_2_synthetic_black_rot_32.png,black_rot,synthetic
data/lesion_zenodo/synthetic/Synthetic_Dataset/stable_diffusion_images/black_rot/model_2_synthetic_black_rot_4.png,data/lesion_zenodo/synthetic/Synthetic_Dataset/masks/black_rot/model_2_synthetic_black_rot_4.png,black_rot,synthetic
data/lesion_zenodo/synthetic/Synthetic_Dataset/stable_diffusion_images/black_rot/model_2_synthetic_black_rot_5.png,data/lesion_zenodo/synthetic/Synthetic_Dataset/masks/black_rot/model_2_synthetic_black_rot_5.png,black_rot,synthetic
data/lesion_zenodo/synthetic/Synthetic_Dataset/stable_diffusion_images/black_rot/model_2_synthetic_black_rot_6.png,data/lesion_zenodo/synthetic/Synthetic_Dataset/masks/black_rot/model_2_synthetic_black_rot_6.png,black_rot,synthetic
data/lesion_zenodo/synthetic/Synthetic_Dataset/stable_diffusion_images/black_rot/model_2_synthetic_black_rot_7.png,data/lesion_zenodo/synthetic/Synthetic_Dataset/masks/black_rot/model_2_synthetic_black_rot_7.png,black_rot,synthetic
data/lesion_zenodo/synthetic/Synthetic_Dataset/stable_diffusion_images/black_rot/model_2_synthetic_black_rot_8.png,data/lesion_zenodo/synthetic/Synthetic_Dataset/masks/black_rot/model_2_synthetic_black_rot_8.png,black_rot,synthetic
data/lesion_zenodo/synthetic/Synthetic_Dataset/stable_diffusion_images/black_rot/model_2_synthetic_black_rot_9.png,data/lesion_zenodo/synthetic/Synthetic_Dataset/masks/black_rot/model_2_synthetic_black_rot_9.png,black_rot,synthetic
data/lesion_zenodo/synthetic/Synthetic_Dataset/stable_diffusion_images/black_rot/model_3_synthetic_black_rot_0.png,data/lesion_zenodo/synthetic/Synthetic_Dataset/masks/black_rot/model_3_synthetic_black_rot_0.png,black_rot,synthetic
data/lesion_zenodo/synthetic/Synthetic_Dataset/stable_diffusion_images/black_rot/model_3_synthetic_black_rot_1.png,data/lesion_zenodo/synthetic/Synthetic_Dataset/masks/black_rot/model_3_synthetic_black_rot_1.png,black_rot,synthetic
data/lesion_zenodo/synthetic/Synthetic_Dataset/stable_diffusion_images/black_rot/model_3_synthetic_black_rot_10.png,data/lesion_zenodo/synthetic/Synthetic_Dataset/masks/black_rot/model_3_synthetic_black_rot_10.png,black_rot,synthetic
data/lesion_zenodo/synthetic/Synthetic_Dataset/stable_diffusion_images/black_rot/model_3_synthetic_black_rot_11.png,data/lesion_zenodo/synthetic/Synthetic_Dataset/masks/black_rot/model_3_synthetic_black_rot_11.png,black_rot,synthetic
data/lesion_zenodo/synthetic/Synthetic_Dataset/stable_diffusion_images/black_rot/model_3_synthetic_black_rot_12.png,data/lesion_zenodo/synthetic/Synthetic_Dataset/masks/black_rot/model_3_synthetic_black_rot_12.png,black_rot,synthetic
data/lesion_zenodo/synthetic/Synthetic_Dataset/stable_diffusion_images/black_rot/model_3_synthetic_black_rot_13.png,data/lesion_zenodo/synthetic/Synthetic_Dataset/masks/black_rot/model_3_synthetic_black_rot_13.png,black_rot,synthetic
data/lesion_zenodo/synthetic/Synthetic_Dataset/stable_diffusion_images/black_rot/model_3_synthetic_black_rot_14.png,data/lesion_zenodo/synthetic/Synthetic_Dataset/masks/black_rot/model_3_synthetic_black_rot_14.png,black_rot,synthetic
data/lesion_zenodo/synthetic/Synthetic_Dataset/stable_diffusion_images/black_rot/model_3_synthetic_black_rot_15.png,data/lesion_zenodo/synthetic/Synthetic_Dataset/masks/black_rot/model_3_synthetic_black_rot_15.png,black_rot,synthetic
data/lesion_zenodo/synthetic/Synthetic_Dataset/stable_diffusion_images/black_rot/model_3_synthetic_black_rot_16.png,data/lesion_zenodo/synthetic/Synthetic_Dataset/masks/black_rot/model_3_synthetic_black_rot_16.png,black_rot,synthetic
data/lesion_zenodo/synthetic/Synthetic_Dataset/stable_diffusion_images/black_rot/model_3_synthetic_black_rot_17.png,data/lesion_zenodo/synthetic/Synthetic_Dataset/masks/black_rot/model_3_synthetic_black_rot_17.png,black_rot,synthetic
data/lesion_zenodo/synthetic/Synthetic_Dataset/stable_diffusion_images/black_rot/model_3_synthetic_black_rot_18.png,data/lesion_zenodo/synthetic/Synthetic_Dataset/masks/black_rot/model_3_synthetic_black_rot_18.png,black_rot,synthetic
data/lesion_zenodo/synthetic/Synthetic_Dataset/stable_diffusion_images/black_rot/model_3_synthetic_black_rot_19.png,data/lesion_zenodo/synthetic/Synthetic_Dataset/masks/black_rot/model_3_synthetic_black_rot_19.png,black_rot,synthetic
data/lesion_zenodo/synthetic/Synthetic_Dataset/stable_diffusion_images/black_rot/model_3_synthetic_black_rot_2.png,data/lesion_zenodo/synthetic/Synthetic_Dataset/masks/black_rot/model_3_synthetic_black_rot_2.png,black_rot,synthetic
data/lesion_zenodo/synthetic/Synthetic_Dataset/stable_diffusion_images/black_rot/model_3_synthetic_black_rot_20.png,data/lesion_zenodo/synthetic/Synthetic_Dataset/masks/black_rot/model_3_synthetic_black_rot_20.png,black_rot,synthetic
data/lesion_zenodo/synthetic/Synthetic_Dataset/stable_diffusion_images/black_rot/model_3_synthetic_black_rot_21.png,data/lesion_zenodo/synthetic/Synthetic_Dataset/masks/black_rot/model_3_synthetic_black_rot_21.png,black_rot,synthetic
data/lesion_zenodo/synthetic/Synthetic_Dataset/stable_diffusion_images/black_rot/model_3_synthetic_black_rot_22.png,data/lesion_zenodo/synthetic/Synthetic_Dataset/masks/black_rot/model_3_synthetic_black_rot_22.png,black_rot,synthetic
data/lesion_zenodo/synthetic/Synthetic_Dataset/stable_diffusion_images/black_rot/model_3_synthetic_black_rot_23.png,data/lesion_zenodo/synthetic/Synthetic_Dataset/masks/black_rot/model_3_synthetic_black_rot_23.png,black_rot,synthetic
data/lesion_zenodo/synthetic/Synthetic_Dataset/stable_diffusion_images/black_rot/model_3_synthetic_black_rot_24.png,data/lesion_zenodo/synthetic/Synthetic_Dataset/masks/black_rot/model_3_synthetic_black_rot_24.png,black_rot,synthetic
data/lesion_zenodo/synthetic/Synthetic_Dataset/stable_diffusion_images/black_rot/model_3_synthetic_black_rot_25.png,data/lesion_zenodo/synthetic/Synthetic_Dataset/masks/black_rot/model_3_synthetic_black_rot_25.png,black_rot,synthetic
data/lesion_zenodo/synthetic/Synthetic_Dataset/stable_diffusion_images/black_rot/model_3_synthetic_black_rot_26.png,data/lesion_zenodo/synthetic/Synthetic_Dataset/masks/black_rot/model_3_synthetic_black_rot_26.png,black_rot,synthetic
data/lesion_zenodo/synthetic/Synthetic_Dataset/stable_diffusion_images/black_rot/model_3_synthetic_black_rot_27.png,data/lesion_zenodo/synthetic/Synthetic_Dataset/masks/black_rot/model_3_synthetic_black_rot_27.png,black_rot,synthetic
data/lesion_zenodo/synthetic/Synthetic_Dataset/stable_diffusion_images/black_rot/model_3_synthetic_black_rot_28.png,data/lesion_zenodo/synthetic/Synthetic_Dataset/masks/black_rot/model_3_synthetic_black_rot_28.png,black_rot,synthetic
data/lesion_zenodo/synthetic/Synthetic_Dataset/stable_diffusion_images/black_rot/model_3_synthetic_black_rot_29.png,data/lesion_zenodo/synthetic/Synthetic_Dataset/masks/black_rot/model_3_synthetic_black_rot_29.png,black_rot,synthetic
data/lesion_zenodo/synthetic/Synthetic_Dataset/stable_diffusion_images/black_rot/model_3_synthetic_black_rot_3.png,data/lesion_zenodo/synthetic/Synthetic_Dataset/masks/black_rot/model_3_synthetic_black_rot_3.png,black_rot,synthetic
data/lesion_zenodo/synthetic/Synthetic_Dataset/stable_diffusion_images/black_rot/model_3_synthetic_black_rot_30.png,data/lesion_zenodo/synthetic/Synthetic_Dataset/masks/black_rot/model_3_synthetic_black_rot_30.png,black_rot,synthetic
data/lesion_zenodo/synthetic/Synthetic_Dataset/stable_diffusion_images/black_rot/model_3_synthetic_black_rot_31.png,data/lesion_zenodo/synthetic/Synthetic_Dataset/masks/black_rot/model_3_synthetic_black_rot_31.png,black_rot,synthetic
data/lesion_zenodo/synthetic/Synthetic_Dataset/stable_diffusion_images/black_rot/model_3_synthetic_black_rot_32.png,data/lesion_zenodo/synthetic/Synthetic_Dataset/masks/black_rot/model_3_synthetic_black_rot_32.png,black_rot,synthetic
data/lesion_zenodo/synthetic/Synthetic_Dataset/stable_diffusion_images/black_rot/model_3_synthetic_black_rot_34.png,data/lesion_zenodo/synthetic/Synthetic_Dataset/masks/black_rot/model_3_synthetic_black_rot_34.png,black_rot,synthetic
data/lesion_zenodo/synthetic/Synthetic_Dataset/stable_diffusion_images/black_rot/model_3_synthetic_black_rot_4.png,data/lesion_zenodo/synthetic/Synthetic_Dataset/masks/black_rot/model_3_synthetic_black_rot_4.png,black_rot,synthetic
data/lesion_zenodo/synthetic/Synthetic_Dataset/stable_diffusion_images/black_rot/model_3_synthetic_black_rot_5.png,data/lesion_zenodo/synthetic/Synthetic_Dataset/masks/black_rot/model_3_synthetic_black_rot_5.png,black_rot,synthetic
data/lesion_zenodo/synthetic/Synthetic_Dataset/stable_diffusion_images/black_rot/model_3_synthetic_black_rot_6.png,data/lesion_zenodo/synthetic/Synthetic_Dataset/masks/black_rot/model_3_synthetic_black_rot_6.png,black_rot,synthetic
data/lesion_zenodo/synthetic/Synthetic_Dataset/stable_diffusion_images/black_rot/model_3_synthetic_black_rot_7.png,data/lesion_zenodo/synthetic/Synthetic_Dataset/masks/black_rot/model_3_synthetic_black_rot_7.png,black_rot,synthetic
data/lesion_zenodo/synthetic/Synthetic_Dataset/stable_diffusion_images/black_rot/model_3_synthetic_black_rot_8.png,data/lesion_zenodo/synthetic/Synthetic_Dataset/masks/black_rot/model_3_synthetic_black_rot_8.png,black_rot,synthetic
data/lesion_zenodo/synthetic/Synthetic_Dataset/stable_diffusion_images/black_rot/model_3_synthetic_black_rot_9.png,data/lesion_zenodo/synthetic/Synthetic_Dataset/masks/black_rot/model_3_synthetic_black_rot_9.png,black_rot,synthetic
data/lesion_zenodo/synthetic/Synthetic_Dataset/stable_diffusion_images/cedar_rust/model_1_synthetic_cedar_rust_0.png,data/lesion_zenodo/synthetic/Synthetic_Dataset/masks/cedar_rust/model_1_synthetic_cedar_rust_0.png,cedar_rust,synthetic
data/lesion_zenodo/synthetic/Synthetic_Dataset/stable_diffusion_images/cedar_rust/model_1_synthetic_cedar_rust_1.png,data/lesion_zenodo/synthetic/Synthetic_Dataset/masks/cedar_rust/model_1_synthetic_cedar_rust_1.png,cedar_rust,synthetic
data/lesion_zenodo/synthetic/Synthetic_Dataset/stable_diffusion_images/cedar_rust/model_1_synthetic_cedar_rust_10.png,data/lesion_zenodo/synthetic/Synthetic_Dataset/masks/cedar_rust/model_1_synthetic_cedar_rust_10.png,cedar_rust,synthetic
data/lesion_zenodo/synthetic/Synthetic_Dataset/stable_diffusion_images/cedar_rust/model_1_synthetic_cedar_rust_11.png,data/lesion_zenodo/synthetic/Synthetic_Dataset/masks/cedar_rust/model_1_synthetic_cedar_rust_11.png,cedar_rust,synthetic
data/lesion_zenodo/synthetic/Synthetic_Dataset/stable_diffusion_images/cedar_rust/model_1_synthetic_cedar_rust_12.png,data/lesion_zenodo/synthetic/Synthetic_Dataset/masks/cedar_rust/model_1_synthetic_cedar_rust_12.png,cedar_rust,synthetic
data/lesion_zenodo/synthetic/Synthetic_Dataset/stable_diffusion_images/cedar_rust/model_1_synthetic_cedar_rust_13.png,data/lesion_zenodo/synthetic/Synthetic_Dataset/masks/cedar_rust/model_1_synthetic_cedar_rust_13.png,cedar_rust,synthetic
data/lesion_zenodo/synthetic/Synthetic_Dataset/stable_diffusion_images/cedar_rust/model_1_synthetic_cedar_rust_14.png,data/lesion_zenodo/synthetic/Synthetic_Dataset/masks/cedar_rust/model_1_synthetic_cedar_rust_14.png,cedar_rust,synthetic
data/lesion_zenodo/synthetic/Synthetic_Dataset/stable_diffusion_images/cedar_rust/model_1_synthetic_cedar_rust_15.png,data/lesion_zenodo/synthetic/Synthetic_Dataset/masks/cedar_rust/model_1_synthetic_cedar_rust_15.png,cedar_rust,synthetic
data/lesion_zenodo/synthetic/Synthetic_Dataset/stable_diffusion_images/cedar_rust/model_1_synthetic_cedar_rust_16.png,data/lesion_zenodo/synthetic/Synthetic_Dataset/masks/cedar_rust/model_1_synthetic_cedar_rust_16.png,cedar_rust,synthetic
data/lesion_zenodo/synthetic/Synthetic_Dataset/stable_diffusion_images/cedar_rust/model_1_synthetic_cedar_rust_17.png,data/lesion_zenodo/synthetic/Synthetic_Dataset/masks/cedar_rust/model_1_synthetic_cedar_rust_17.png,cedar_rust,synthetic
data/lesion_zenodo/synthetic/Synthetic_Dataset/stable_diffusion_images/cedar_rust/model_1_synthetic_cedar_rust_18.png,data/lesion_zenodo/synthetic/Synthetic_Dataset/masks/cedar_rust/model_1_synthetic_cedar_rust_18.png,cedar_rust,synthetic
data/lesion_zenodo/synthetic/Synthetic_Dataset/stable_diffusion_images/cedar_rust/model_1_synthetic_cedar_rust_19.png,data/lesion_zenodo/synthetic/Synthetic_Dataset/masks/cedar_rust/model_1_synthetic_cedar_rust_19.png,cedar_rust,synthetic
data/lesion_zenodo/synthetic/Synthetic_Dataset/stable_diffusion_images/cedar_rust/model_1_synthetic_cedar_rust_2.png,data/lesion_zenodo/synthetic/Synthetic_Dataset/masks/cedar_rust/model_1_synthetic_cedar_rust_2.png,cedar_rust,synthetic
data/lesion_zenodo/synthetic/Synthetic_Dataset/stable_diffusion_images/cedar_rust/model_1_synthetic_cedar_rust_20.png,data/lesion_zenodo/synthetic/Synthetic_Dataset/masks/cedar_rust/model_1_synthetic_cedar_rust_20.png,cedar_rust,synthetic
data/lesion_zenodo/synthetic/Synthetic_Dataset/stable_diffusion_images/cedar_rust/model_1_synthetic_cedar_rust_21.png,data/lesion_zenodo/synthetic/Synthetic_Dataset/masks/cedar_rust/model_1_synthetic_cedar_rust_21.png,cedar_rust,synthetic
data/lesion_zenodo/synthetic/Synthetic_Dataset/stable_diffusion_images/cedar_rust/model_1_synthetic_cedar_rust_22.png,data/lesion_zenodo/synthetic/Synthetic_Dataset/masks/cedar_rust/model_1_synthetic_cedar_rust_22.png,cedar_rust,synthetic
data/lesion_zenodo/synthetic/Synthetic_Dataset/stable_diffusion_images/cedar_rust/model_1_synthetic_cedar_rust_23.png,data/lesion_zenodo/synthetic/Synthetic_Dataset/masks/cedar_rust/model_1_synthetic_cedar_rust_23.png,cedar_rust,synthetic
data/lesion_zenodo/synthetic/Synthetic_Dataset/stable_diffusion_images/cedar_rust/model_1_synthetic_cedar_rust_24.png,data/lesion_zenodo/synthetic/Synthetic_Dataset/masks/cedar_rust/model_1_synthetic_cedar_rust_24.png,cedar_rust,synthetic
data/lesion_zenodo/synthetic/Synthetic_Dataset/stable_diffusion_images/cedar_rust/model_1_synthetic_cedar_rust_25.png,data/lesion_zenodo/synthetic/Synthetic_Dataset/masks/cedar_rust/model_1_synthetic_cedar_rust_25.png,cedar_rust,synthetic
data/lesion_zenodo/synthetic/Synthetic_Dataset/stable_diffusion_images/cedar_rust/model_1_synthetic_cedar_rust_26.png,data/lesion_zenodo/synthetic/Synthetic_Dataset/masks/cedar_rust/model_1_synthetic_cedar_rust_26.png,cedar_rust,synthetic
data/lesion_zenodo/synthetic/Synthetic_Dataset/stable_diffusion_images/cedar_rust/model_1_synthetic_cedar_rust_27.png,data/lesion_zenodo/synthetic/Synthetic_Dataset/masks/cedar_rust/model_1_synthetic_cedar_rust_27.png,cedar_rust,synthetic
data/lesion_zenodo/synthetic/Synthetic_Dataset/stable_diffusion_images/cedar_rust/model_1_synthetic_cedar_rust_28.png,data/lesion_zenodo/synthetic/Synthetic_Dataset/masks/cedar_rust/model_1_synthetic_cedar_rust_28.png,cedar_rust,synthetic
data/lesion_zenodo/synthetic/Synthetic_Dataset/stable_diffusion_images/cedar_rust/model_1_synthetic_cedar_rust_29.png,data/lesion_zenodo/synthetic/Synthetic_Dataset/masks/cedar_rust/model_1_synthetic_cedar_rust_29.png,cedar_rust,synthetic
data/lesion_zenodo/synthetic/Synthetic_Dataset/stable_diffusion_images/cedar_rust/model_1_synthetic_cedar_rust_3.png,data/lesion_zenodo/synthetic/Synthetic_Dataset/masks/cedar_rust/model_1_synthetic_cedar_rust_3.png,cedar_rust,synthetic
data/lesion_zenodo/synthetic/Synthetic_Dataset/stable_diffusion_images/cedar_rust/model_1_synthetic_cedar_rust_30.png,data/lesion_zenodo/synthetic/Synthetic_Dataset/masks/cedar_rust/model_1_synthetic_cedar_rust_30.png,cedar_rust,synthetic
data/lesion_zenodo/synthetic/Synthetic_Dataset/stable_diffusion_images/cedar_rust/model_1_synthetic_cedar_rust_31.png,data/lesion_zenodo/synthetic/Synthetic_Dataset/masks/cedar_rust/model_1_synthetic_cedar_rust_31.png,cedar_rust,synthetic
data/lesion_zenodo/synthetic/Synthetic_Dataset/stable_diffusion_images/cedar_rust/model_1_synthetic_cedar_rust_32.png,data/lesion_zenodo/synthetic/Synthetic_Dataset/masks/cedar_rust/model_1_synthetic_cedar_rust_32.png,cedar_rust,synthetic
data/lesion_zenodo/synthetic/Synthetic_Dataset/stable_diffusion_images/cedar_rust/model_1_synthetic_cedar_rust_4.png,data/lesion_zenodo/synthetic/Synthetic_Dataset/masks/cedar_rust/model_1_synthetic_cedar_rust_4.png,cedar_rust,synthetic
data/lesion_zenodo/synthetic/Synthetic_Dataset/stable_diffusion_images/cedar_rust/model_1_synthetic_cedar_rust_5.png,data/lesion_zenodo/synthetic/Synthetic_Dataset/masks/cedar_rust/model_1_synthetic_cedar_rust_5.png,cedar_rust,synthetic
data/lesion_zenodo/synthetic/Synthetic_Dataset/stable_diffusion_images/cedar_rust/model_1_synthetic_cedar_rust_6.png,data/lesion_zenodo/synthetic/Synthetic_Dataset/masks/cedar_rust/model_1_synthetic_cedar_rust_6.png,cedar_rust,synthetic
data/lesion_zenodo/synthetic/Synthetic_Dataset/stable_diffusion_images/cedar_rust/model_1_synthetic_cedar_rust_7.png,data/lesion_zenodo/synthetic/Synthetic_Dataset/masks/cedar_rust/model_1_synthetic_cedar_rust_7.png,cedar_rust,synthetic
data/lesion_zenodo/synthetic/Synthetic_Dataset/stable_diffusion_images/cedar_rust/model_1_synthetic_cedar_rust_8.png,data/lesion_zenodo/synthetic/Synthetic_Dataset/masks/cedar_rust/model_1_synthetic_cedar_rust_8.png,cedar_rust,synthetic
data/lesion_zenodo/synthetic/Synthetic_Dataset/stable_diffusion_images/cedar_rust/model_1_synthetic_cedar_rust_9.png,data/lesion_zenodo/synthetic/Synthetic_Dataset/masks/cedar_rust/model_1_synthetic_cedar_rust_9.png,cedar_rust,synthetic
data/lesion_zenodo/synthetic/Synthetic_Dataset/stable_diffusion_images/cedar_rust/model_2_synthetic_cedar_rust_0.png,data/lesion_zenodo/synthetic/Synthetic_Dataset/masks/cedar_rust/model_2_synthetic_cedar_rust_0.png,cedar_rust,synthetic
data/lesion_zenodo/synthetic/Synthetic_Dataset/stable_diffusion_images/cedar_rust/model_2_synthetic_cedar_rust_1.png,data/lesion_zenodo/synthetic/Synthetic_Dataset/masks/cedar_rust/model_2_synthetic_cedar_rust_1.png,cedar_rust,synthetic
data/lesion_zenodo/synthetic/Synthetic_Dataset/stable_diffusion_images/cedar_rust/model_2_synthetic_cedar_rust_10.png,data/lesion_zenodo/synthetic/Synthetic_Dataset/masks/cedar_rust/model_2_synthetic_cedar_rust_10.png,cedar_rust,synthetic
data/lesion_zenodo/synthetic/Synthetic_Dataset/stable_diffusion_images/cedar_rust/model_2_synthetic_cedar_rust_11.png,data/lesion_zenodo/synthetic/Synthetic_Dataset/masks/cedar_rust/model_2_synthetic_cedar_rust_11.png,cedar_rust,synthetic
data/lesion_zenodo/synthetic/Synthetic_Dataset/stable_diffusion_images/cedar_rust/model_2_synthetic_cedar_rust_12.png,data/lesion_zenodo/synthetic/Synthetic_Dataset/masks/cedar_rust/model_2_synthetic_cedar_rust_12.png,cedar_rust,synthetic
data/lesion_zenodo/synthetic/Synthetic_Dataset/stable_diffusion_images/cedar_rust/model_2_synthetic_cedar_rust_13.png,data/lesion_zenodo/synthetic/Synthetic_Dataset/masks/cedar_rust/model_2_synthetic_cedar_rust_13.png,cedar_rust,synthetic
data/lesion_zenodo/synthetic/Synthetic_Dataset/stable_diffusion_images/cedar_rust/model_2_synthetic_cedar_rust_14.png,data/lesion_zenodo/synthetic/Synthetic_Dataset/masks/cedar_rust/model_2_synthetic_cedar_rust_14.png,cedar_rust,synthetic
data/lesion_zenodo/synthetic/Synthetic_Dataset/stable_diffusion_images/cedar_rust/model_2_synthetic_cedar_rust_15.png,data/lesion_zenodo/synthetic/Synthetic_Dataset/masks/cedar_rust/model_2_synthetic_cedar_rust_15.png,cedar_rust,synthetic
data/lesion_zenodo/synthetic/Synthetic_Dataset/stable_diffusion_images/cedar_rust/model_2_synthetic_cedar_rust_16.png,data/lesion_zenodo/synthetic/Synthetic_Dataset/masks/cedar_rust/model_2_synthetic_cedar_rust_16.png,cedar_rust,synthetic
data/lesion_zenodo/synthetic/Synthetic_Dataset/stable_diffusion_images/cedar_rust/model_2_synthetic_cedar_rust_17.png,data/lesion_zenodo/synthetic/Synthetic_Dataset/masks/cedar_rust/model_2_synthetic_cedar_rust_17.png,cedar_rust,synthetic
data/lesion_zenodo/synthetic/Synthetic_Dataset/stable_diffusion_images/cedar_rust/model_2_synthetic_cedar_rust_18.png,data/lesion_zenodo/synthetic/Synthetic_Dataset/masks/cedar_rust/model_2_synthetic_cedar_rust_18.png,cedar_rust,synthetic
data/lesion_zenodo/synthetic/Synthetic_Dataset/stable_diffusion_images/cedar_rust/model_2_synthetic_cedar_rust_19.png,data/lesion_zenodo/synthetic/Synthetic_Dataset/masks/cedar_rust/model_2_synthetic_cedar_rust_19.png,cedar_rust,synthetic
data/lesion_zenodo/synthetic/Synthetic_Dataset/stable_diffusion_images/cedar_rust/model_2_synthetic_cedar_rust_2.png,data/lesion_zenodo/synthetic/Synthetic_Dataset/masks/cedar_rust/model_2_synthetic_cedar_rust_2.png,cedar_rust,synthetic
data/lesion_zenodo/synthetic/Synthetic_Dataset/stable_diffusion_images/cedar_rust/model_2_synthetic_cedar_rust_20.png,data/lesion_zenodo/synthetic/Synthetic_Dataset/masks/cedar_rust/model_2_synthetic_cedar_rust_20.png,cedar_rust,synthetic
data/lesion_zenodo/synthetic/Synthetic_Dataset/stable_diffusion_images/cedar_rust/model_2_synthetic_cedar_rust_21.png,data/lesion_zenodo/synthetic/Synthetic_Dataset/masks/cedar_rust/model_2_synthetic_cedar_rust_21.png,cedar_rust,synthetic
data/lesion_zenodo/synthetic/Synthetic_Dataset/stable_diffusion_images/cedar_rust/model_2_synthetic_cedar_rust_22.png,data/lesion_zenodo/synthetic/Synthetic_Dataset/masks/cedar_rust/model_2_synthetic_cedar_rust_22.png,cedar_rust,synthetic
data/lesion_zenodo/synthetic/Synthetic_Dataset/stable_diffusion_images/cedar_rust/model_2_synthetic_cedar_rust_23.png,data/lesion_zenodo/synthetic/Synthetic_Dataset/masks/cedar_rust/model_2_synthetic_cedar_rust_23.png,cedar_rust,synthetic
data/lesion_zenodo/synthetic/Synthetic_Dataset/stable_diffusion_images/cedar_rust/model_2_synthetic_cedar_rust_24.png,data/lesion_zenodo/synthetic/Synthetic_Dataset/masks/cedar_rust/model_2_synthetic_cedar_rust_24.png,cedar_rust,synthetic
data/lesion_zenodo/synthetic/Synthetic_Dataset/stable_diffusion_images/cedar_rust/model_2_synthetic_cedar_rust_25.png,data/lesion_zenodo/synthetic/Synthetic_Dataset/masks/cedar_rust/model_2_synthetic_cedar_rust_25.png,cedar_rust,synthetic
data/lesion_zenodo/synthetic/Synthetic_Dataset/stable_diffusion_images/cedar_rust/model_2_synthetic_cedar_rust_26.png,data/lesion_zenodo/synthetic/Synthetic_Dataset/masks/cedar_rust/model_2_synthetic_cedar_rust_26.png,cedar_rust,synthetic
data/lesion_zenodo/synthetic/Synthetic_Dataset/stable_diffusion_images/cedar_rust/model_2_synthetic_cedar_rust_27.png,data/lesion_zenodo/synthetic/Synthetic_Dataset/masks/cedar_rust/model_2_synthetic_cedar_rust_27.png,cedar_rust,synthetic
data/lesion_zenodo/synthetic/Synthetic_Dataset/stable_diffusion_images/cedar_rust/model_2_synthetic_cedar_rust_28.png,data/lesion_zenodo/synthetic/Synthetic_Dataset/masks/cedar_rust/model_2_synthetic_cedar_rust_28.png,cedar_rust,synthetic
data/lesion_zenodo/synthetic/Synthetic_Dataset/stable_diffusion_images/cedar_rust/model_2_synthetic_cedar_rust_29.png,data/lesion_zenodo/synthetic/Synthetic_Dataset/masks/cedar_rust/model_2_synthetic_cedar_rust_29.png,cedar_rust,synthetic
data/lesion_zenodo/synthetic/Synthetic_Dataset/stable_diffusion_images/cedar_rust/model_2_synthetic_cedar_rust_3.png,data/lesion_zenodo/synthetic/Synthetic_Dataset/masks/cedar_rust/model_2_synthetic_cedar_rust_3.png,cedar_rust,synthetic
data/lesion_zenodo/synthetic/Synthetic_Dataset/stable_diffusion_images/cedar_rust/model_2_synthetic_cedar_rust_30.png,data/lesion_zenodo/synthetic/Synthetic_Dataset/masks/cedar_rust/model_2_synthetic_cedar_rust_30.png,cedar_rust,synthetic
data/lesion_zenodo/synthetic/Synthetic_Dataset/stable_diffusion_images/cedar_rust/model_2_synthetic_cedar_rust_31.png,data/lesion_zenodo/synthetic/Synthetic_Dataset/masks/cedar_rust/model_2_synthetic_cedar_rust_31.png,cedar_rust,synthetic
data/lesion_zenodo/synthetic/Synthetic_Dataset/stable_diffusion_images/cedar_rust/model_2_synthetic_cedar_rust_32.png,data/lesion_zenodo/synthetic/Synthetic_Dataset/masks/cedar_rust/model_2_synthetic_cedar_rust_32.png,cedar_rust,synthetic
data/lesion_zenodo/synthetic/Synthetic_Dataset/stable_diffusion_images/cedar_rust/model_2_synthetic_cedar_rust_4.png,data/lesion_zenodo/synthetic/Synthetic_Dataset/masks/cedar_rust/model_2_synthetic_cedar_rust_4.png,cedar_rust,synthetic
data/lesion_zenodo/synthetic/Synthetic_Dataset/stable_diffusion_images/cedar_rust/model_2_synthetic_cedar_rust_5.png,data/lesion_zenodo/synthetic/Synthetic_Dataset/masks/cedar_rust/model_2_synthetic_cedar_rust_5.png,cedar_rust,synthetic
data/lesion_zenodo/synthetic/Synthetic_Dataset/stable_diffusion_images/cedar_rust/model_2_synthetic_cedar_rust_6.png,data/lesion_zenodo/synthetic/Synthetic_Dataset/masks/cedar_rust/model_2_synthetic_cedar_rust_6.png,cedar_rust,synthetic
data/lesion_zenodo/synthetic/Synthetic_Dataset/stable_diffusion_images/cedar_rust/model_2_synthetic_cedar_rust_7.png,data/lesion_zenodo/synthetic/Synthetic_Dataset/masks/cedar_rust/model_2_synthetic_cedar_rust_7.png,cedar_rust,synthetic
data/lesion_zenodo/synthetic/Synthetic_Dataset/stable_diffusion_images/cedar_rust/model_2_synthetic_cedar_rust_8.png,data/lesion_zenodo/synthetic/Synthetic_Dataset/masks/cedar_rust/model_2_synthetic_cedar_rust_8.png,cedar_rust,synthetic
data/lesion_zenodo/synthetic/Synthetic_Dataset/stable_diffusion_images/cedar_rust/model_2_synthetic_cedar_rust_9.png,data/lesion_zenodo/synthetic/Synthetic_Dataset/masks/cedar_rust/model_2_synthetic_cedar_rust_9.png,cedar_rust,synthetic
data/lesion_zenodo/synthetic/Synthetic_Dataset/stable_diffusion_images/cedar_rust/model_3_synthetic_cedar_rust_0.png,data/lesion_zenodo/synthetic/Synthetic_Dataset/masks/cedar_rust/model_3_synthetic_cedar_rust_0.png,cedar_rust,synthetic
data/lesion_zenodo/synthetic/Synthetic_Dataset/stable_diffusion_images/cedar_rust/model_3_synthetic_cedar_rust_1.png,data/lesion_zenodo/synthetic/Synthetic_Dataset/masks/cedar_rust/model_3_synthetic_cedar_rust_1.png,cedar_rust,synthetic
data/lesion_zenodo/synthetic/Synthetic_Dataset/stable_diffusion_images/cedar_rust/model_3_synthetic_cedar_rust_10.png,data/lesion_zenodo/synthetic/Synthetic_Dataset/masks/cedar_rust/model_3_synthetic_cedar_rust_10.png,cedar_rust,synthetic
data/lesion_zenodo/synthetic/Synthetic_Dataset/stable_diffusion_images/cedar_rust/model_3_synthetic_cedar_rust_11.png,data/lesion_zenodo/synthetic/Synthetic_Dataset/masks/cedar_rust/model_3_synthetic_cedar_rust_11.png,cedar_rust,synthetic
data/lesion_zenodo/synthetic/Synthetic_Dataset/stable_diffusion_images/cedar_rust/model_3_synthetic_cedar_rust_12.png,data/lesion_zenodo/synthetic/Synthetic_Dataset/masks/cedar_rust/model_3_synthetic_cedar_rust_12.png,cedar_rust,synthetic
data/lesion_zenodo/synthetic/Synthetic_Dataset/stable_diffusion_images/cedar_rust/model_3_synthetic_cedar_rust_13.png,data/lesion_zenodo/synthetic/Synthetic_Dataset/masks/cedar_rust/model_3_synthetic_cedar_rust_13.png,cedar_rust,synthetic
data/lesion_zenodo/synthetic/Synthetic_Dataset/stable_diffusion_images/cedar_rust/model_3_synthetic_cedar_rust_14.png,data/lesion_zenodo/synthetic/Synthetic_Dataset/masks/cedar_rust/model_3_synthetic_cedar_rust_14.png,cedar_rust,synthetic
data/lesion_zenodo/synthetic/Synthetic_Dataset/stable_diffusion_images/cedar_rust/model_3_synthetic_cedar_rust_15.png,data/lesion_zenodo/synthetic/Synthetic_Dataset/masks/cedar_rust/model_3_synthetic_cedar_rust_15.png,cedar_rust,synthetic
data/lesion_zenodo/synthetic/Synthetic_Dataset/stable_diffusion_images/cedar_rust/model_3_synthetic_cedar_rust_16.png,data/lesion_zenodo/synthetic/Synthetic_Dataset/masks/cedar_rust/model_3_synthetic_cedar_rust_16.png,cedar_rust,synthetic
data/lesion_zenodo/synthetic/Synthetic_Dataset/stable_diffusion_images/cedar_rust/model_3_synthetic_cedar_rust_17.png,data/lesion_zenodo/synthetic/Synthetic_Dataset/masks/cedar_rust/model_3_synthetic_cedar_rust_17.png,cedar_rust,synthetic
data/lesion_zenodo/synthetic/Synthetic_Dataset/stable_diffusion_images/cedar_rust/model_3_synthetic_cedar_rust_18.png,data/lesion_zenodo/synthetic/Synthetic_Dataset/masks/cedar_rust/model_3_synthetic_cedar_rust_18.png,cedar_rust,synthetic
data/lesion_zenodo/synthetic/Synthetic_Dataset/stable_diffusion_images/cedar_rust/model_3_synthetic_cedar_rust_19.png,data/lesion_zenodo/synthetic/Synthetic_Dataset/masks/cedar_rust/model_3_synthetic_cedar_rust_19.png,cedar_rust,synthetic
data/lesion_zenodo/synthetic/Synthetic_Dataset/stable_diffusion_images/cedar_rust/model_3_synthetic_cedar_rust_2.png,data/lesion_zenodo/synthetic/Synthetic_Dataset/masks/cedar_rust/model_3_synthetic_cedar_rust_2.png,cedar_rust,synthetic
data/lesion_zenodo/synthetic/Synthetic_Dataset/stable_diffusion_images/cedar_rust/model_3_synthetic_cedar_rust_20.png,data/lesion_zenodo/synthetic/Synthetic_Dataset/masks/cedar_rust/model_3_synthetic_cedar_rust_20.png,cedar_rust,synthetic
data/lesion_zenodo/synthetic/Synthetic_Dataset/stable_diffusion_images/cedar_rust/model_3_synthetic_cedar_rust_21.png,data/lesion_zenodo/synthetic/Synthetic_Dataset/masks/cedar_rust/model_3_synthetic_cedar_rust_21.png,cedar_rust,synthetic
data/lesion_zenodo/synthetic/Synthetic_Dataset/stable_diffusion_images/cedar_rust/model_3_synthetic_cedar_rust_22.png,data/lesion_zenodo/synthetic/Synthetic_Dataset/masks/cedar_rust/model_3_synthetic_cedar_rust_22.png,cedar_rust,synthetic
data/lesion_zenodo/synthetic/Synthetic_Dataset/stable_diffusion_images/cedar_rust/model_3_synthetic_cedar_rust_23.png,data/lesion_zenodo/synthetic/Synthetic_Dataset/masks/cedar_rust/model_3_synthetic_cedar_rust_23.png,cedar_rust,synthetic
data/lesion_zenodo/synthetic/Synthetic_Dataset/stable_diffusion_images/cedar_rust/model_3_synthetic_cedar_rust_24.png,data/lesion_zenodo/synthetic/Synthetic_Dataset/masks/cedar_rust/model_3_synthetic_cedar_rust_24.png,cedar_rust,synthetic
data/lesion_zenodo/synthetic/Synthetic_Dataset/stable_diffusion_images/cedar_rust/model_3_synthetic_cedar_rust_25.png,data/lesion_zenodo/synthetic/Synthetic_Dataset/masks/cedar_rust/model_3_synthetic_cedar_rust_25.png,cedar_rust,synthetic
data/lesion_zenodo/synthetic/Synthetic_Dataset/stable_diffusion_images/cedar_rust/model_3_synthetic_cedar_rust_26.png,data/lesion_zenodo/synthetic/Synthetic_Dataset/masks/cedar_rust/model_3_synthetic_cedar_rust_26.png,cedar_rust,synthetic
data/lesion_zenodo/synthetic/Synthetic_Dataset/stable_diffusion_images/cedar_rust/model_3_synthetic_cedar_rust_27.png,data/lesion_zenodo/synthetic/Synthetic_Dataset/masks/cedar_rust/model_3_synthetic_cedar_rust_27.png,cedar_rust,synthetic
data/lesion_zenodo/synthetic/Synthetic_Dataset/stable_diffusion_images/cedar_rust/model_3_synthetic_cedar_rust_28.png,data/lesion_zenodo/synthetic/Synthetic_Dataset/masks/cedar_rust/model_3_synthetic_cedar_rust_28.png,cedar_rust,synthetic
data/lesion_zenodo/synthetic/Synthetic_Dataset/stable_diffusion_images/cedar_rust/model_3_synthetic_cedar_rust_29.png,data/lesion_zenodo/synthetic/Synthetic_Dataset/masks/cedar_rust/model_3_synthetic_cedar_rust_29.png,cedar_rust,synthetic
data/lesion_zenodo/synthetic/Synthetic_Dataset/stable_diffusion_images/cedar_rust/model_3_synthetic_cedar_rust_3.png,data/lesion_zenodo/synthetic/Synthetic_Dataset/masks/cedar_rust/model_3_synthetic_cedar_rust_3.png,cedar_rust,synthetic
data/lesion_zenodo/synthetic/Synthetic_Dataset/stable_diffusion_images/cedar_rust/model_3_synthetic_cedar_rust_30.png,data/lesion_zenodo/synthetic/Synthetic_Dataset/masks/cedar_rust/model_3_synthetic_cedar_rust_30.png,cedar_rust,synthetic
data/lesion_zenodo/synthetic/Synthetic_Dataset/stable_diffusion_images/cedar_rust/model_3_synthetic_cedar_rust_31.png,data/lesion_zenodo/synthetic/Synthetic_Dataset/masks/cedar_rust/model_3_synthetic_cedar_rust_31.png,cedar_rust,synthetic
data/lesion_zenodo/synthetic/Synthetic_Dataset/stable_diffusion_images/cedar_rust/model_3_synthetic_cedar_rust_32.png,data/lesion_zenodo/synthetic/Synthetic_Dataset/masks/cedar_rust/model_3_synthetic_cedar_rust_32.png,cedar_rust,synthetic
data/lesion_zenodo/synthetic/Synthetic_Dataset/stable_diffusion_images/cedar_rust/model_3_synthetic_cedar_rust_34.png,data/lesion_zenodo/synthetic/Synthetic_Dataset/masks/cedar_rust/model_3_synthetic_cedar_rust_34.png,cedar_rust,synthetic
data/lesion_zenodo/synthetic/Synthetic_Dataset/stable_diffusion_images/cedar_rust/model_3_synthetic_cedar_rust_4.png,data/lesion_zenodo/synthetic/Synthetic_Dataset/masks/cedar_rust/model_3_synthetic_cedar_rust_4.png,cedar_rust,synthetic
data/lesion_zenodo/synthetic/Synthetic_Dataset/stable_diffusion_images/cedar_rust/model_3_synthetic_cedar_rust_5.png,data/lesion_zenodo/synthetic/Synthetic_Dataset/masks/cedar_rust/model_3_synthetic_cedar_rust_5.png,cedar_rust,synthetic
data/lesion_zenodo/synthetic/Synthetic_Dataset/stable_diffusion_images/cedar_rust/model_3_synthetic_cedar_rust_6.png,data/lesion_zenodo/synthetic/Synthetic_Dataset/masks/cedar_rust/model_3_synthetic_cedar_rust_6.png,cedar_rust,synthetic
data/lesion_zenodo/synthetic/Synthetic_Dataset/stable_diffusion_images/cedar_rust/model_3_synthetic_cedar_rust_7.png,data/lesion_zenodo/synthetic/Synthetic_Dataset/masks/cedar_rust/model_3_synthetic_cedar_rust_7.png,cedar_rust,synthetic
data/lesion_zenodo/synthetic/Synthetic_Dataset/stable_diffusion_images/cedar_rust/model_3_synthetic_cedar_rust_8.png,data/lesion_zenodo/synthetic/Synthetic_Dataset/masks/cedar_rust/model_3_synthetic_cedar_rust_8.png,cedar_rust,synthetic
data/lesion_zenodo/synthetic/Synthetic_Dataset/stable_diffusion_images/cedar_rust/model_3_synthetic_cedar_rust_9.png,data/lesion_zenodo/synthetic/Synthetic_Dataset/masks/cedar_rust/model_3_synthetic_cedar_rust_9.png,cedar_rust,synthetic
data/lesion_zenodo/synthetic/Synthetic_Dataset/stable_diffusion_images/scab/model_1_synthetic_scab_0.png,data/lesion_zenodo/synthetic/Synthetic_Dataset/masks/scab/model_1_synthetic_scab_0.png,scab,synthetic
data/lesion_zenodo/synthetic/Synthetic_Dataset/stable_diffusion_images/scab/model_1_synthetic_scab_1.png,data/lesion_zenodo/synthetic/Synthetic_Dataset/masks/scab/model_1_synthetic_scab_1.png,scab,synthetic
data/lesion_zenodo/synthetic/Synthetic_Dataset/stable_diffusion_images/scab/model_1_synthetic_scab_10.png,data/lesion_zenodo/synthetic/Synthetic_Dataset/masks/scab/model_1_synthetic_scab_10.png,scab,synthetic
data/lesion_zenodo/synthetic/Synthetic_Dataset/stable_diffusion_images/scab/model_1_synthetic_scab_11.png,data/lesion_zenodo/synthetic/Synthetic_Dataset/masks/scab/model_1_synthetic_scab_11.png,scab,synthetic
data/lesion_zenodo/synthetic/Synthetic_Dataset/stable_diffusion_images/scab/model_1_synthetic_scab_12.png,data/lesion_zenodo/synthetic/Synthetic_Dataset/masks/scab/model_1_synthetic_scab_12.png,scab,synthetic
data/lesion_zenodo/synthetic/Synthetic_Dataset/stable_diffusion_images/scab/model_1_synthetic_scab_13.png,data/lesion_zenodo/synthetic/Synthetic_Dataset/masks/scab/model_1_synthetic_scab_13.png,scab,synthetic
data/lesion_zenodo/synthetic/Synthetic_Dataset/stable_diffusion_images/scab/model_1_synthetic_scab_14.png,data/lesion_zenodo/synthetic/Synthetic_Dataset/masks/scab/model_1_synthetic_scab_14.png,scab,synthetic
data/lesion_zenodo/synthetic/Synthetic_Dataset/stable_diffusion_images/scab/model_1_synthetic_scab_15.png,data/lesion_zenodo/synthetic/Synthetic_Dataset/masks/scab/model_1_synthetic_scab_15.png,scab,synthetic
data/lesion_zenodo/synthetic/Synthetic_Dataset/stable_diffusion_images/scab/model_1_synthetic_scab_16.png,data/lesion_zenodo/synthetic/Synthetic_Dataset/masks/scab/model_1_synthetic_scab_16.png,scab,synthetic
data/lesion_zenodo/synthetic/Synthetic_Dataset/stable_diffusion_images/scab/model_1_synthetic_scab_17.png,data/lesion_zenodo/synthetic/Synthetic_Dataset/masks/scab/model_1_synthetic_scab_17.png,scab,synthetic
data/lesion_zenodo/synthetic/Synthetic_Dataset/stable_diffusion_images/scab/model_1_synthetic_scab_18.png,data/lesion_zenodo/synthetic/Synthetic_Dataset/masks/scab/model_1_synthetic_scab_18.png,scab,synthetic
data/lesion_zenodo/synthetic/Synthetic_Dataset/stable_diffusion_images/scab/model_1_synthetic_scab_19.png,data/lesion_zenodo/synthetic/Synthetic_Dataset/masks/scab/model_1_synthetic_scab_19.png,scab,synthetic
data/lesion_zenodo/synthetic/Synthetic_Dataset/stable_diffusion_images/scab/model_1_synthetic_scab_2.png,data/lesion_zenodo/synthetic/Synthetic_Dataset/masks/scab/model_1_synthetic_scab_2.png,scab,synthetic
data/lesion_zenodo/synthetic/Synthetic_Dataset/stable_diffusion_images/scab/model_1_synthetic_scab_20.png,data/lesion_zenodo/synthetic/Synthetic_Dataset/masks/scab/model_1_synthetic_scab_20.png,scab,synthetic
data/lesion_zenodo/synthetic/Synthetic_Dataset/stable_diffusion_images/scab/model_1_synthetic_scab_21.png,data/lesion_zenodo/synthetic/Synthetic_Dataset/masks/scab/model_1_synthetic_scab_21.png,scab,synthetic
data/lesion_zenodo/synthetic/Synthetic_Dataset/stable_diffusion_images/scab/model_1_synthetic_scab_22.png,data/lesion_zenodo/synthetic/Synthetic_Dataset/masks/scab/model_1_synthetic_scab_22.png,scab,synthetic
data/lesion_zenodo/synthetic/Synthetic_Dataset/stable_diffusion_images/scab/model_1_synthetic_scab_23.png,data/lesion_zenodo/synthetic/Synthetic_Dataset/masks/scab/model_1_synthetic_scab_23.png,scab,synthetic
data/lesion_zenodo/synthetic/Synthetic_Dataset/stable_diffusion_images/scab/model_1_synthetic_scab_24.png,data/lesion_zenodo/synthetic/Synthetic_Dataset/masks/scab/model_1_synthetic_scab_24.png,scab,synthetic
data/lesion_zenodo/synthetic/Synthetic_Dataset/stable_diffusion_images/scab/model_1_synthetic_scab_25.png,data/lesion_zenodo/synthetic/Synthetic_Dataset/masks/scab/model_1_synthetic_scab_25.png,scab,synthetic
data/lesion_zenodo/synthetic/Synthetic_Dataset/stable_diffusion_images/scab/model_1_synthetic_scab_26.png,data/lesion_zenodo/synthetic/Synthetic_Dataset/masks/scab/model_1_synthetic_scab_26.png,scab,synthetic
data/lesion_zenodo/synthetic/Synthetic_Dataset/stable_diffusion_images/scab/model_1_synthetic_scab_27.png,data/lesion_zenodo/synthetic/Synthetic_Dataset/masks/scab/model_1_synthetic_scab_27.png,scab,synthetic
data/lesion_zenodo/synthetic/Synthetic_Dataset/stable_diffusion_images/scab/model_1_synthetic_scab_28.png,data/lesion_zenodo/synthetic/Synthetic_Dataset/masks/scab/model_1_synthetic_scab_28.png,scab,synthetic
data/lesion_zenodo/synthetic/Synthetic_Dataset/stable_diffusion_images/scab/model_1_synthetic_scab_29.png,data/lesion_zenodo/synthetic/Synthetic_Dataset/masks/scab/model_1_synthetic_scab_29.png,scab,synthetic
data/lesion_zenodo/synthetic/Synthetic_Dataset/stable_diffusion_images/scab/model_1_synthetic_scab_3.png,data/lesion_zenodo/synthetic/Synthetic_Dataset/masks/scab/model_1_synthetic_scab_3.png,scab,synthetic
data/lesion_zenodo/synthetic/Synthetic_Dataset/stable_diffusion_images/scab/model_1_synthetic_scab_30.png,data/lesion_zenodo/synthetic/Synthetic_Dataset/masks/scab/model_1_synthetic_scab_30.png,scab,synthetic
data/lesion_zenodo/synthetic/Synthetic_Dataset/stable_diffusion_images/scab/model_1_synthetic_scab_31.png,data/lesion_zenodo/synthetic/Synthetic_Dataset/masks/scab/model_1_synthetic_scab_31.png,scab,synthetic
data/lesion_zenodo/synthetic/Synthetic_Dataset/stable_diffusion_images/scab/model_1_synthetic_scab_32.png,data/lesion_zenodo/synthetic/Synthetic_Dataset/masks/scab/model_1_synthetic_scab_32.png,scab,synthetic
data/lesion_zenodo/synthetic/Synthetic_Dataset/stable_diffusion_images/scab/model_1_synthetic_scab_33.png,data/lesion_zenodo/synthetic/Synthetic_Dataset/masks/scab/model_1_synthetic_scab_33.png,scab,synthetic
data/lesion_zenodo/synthetic/Synthetic_Dataset/stable_diffusion_images/scab/model_1_synthetic_scab_34.png,data/lesion_zenodo/synthetic/Synthetic_Dataset/masks/scab/model_1_synthetic_scab_34.png,scab,synthetic
data/lesion_zenodo/synthetic/Synthetic_Dataset/stable_diffusion_images/scab/model_1_synthetic_scab_35.png,data/lesion_zenodo/synthetic/Synthetic_Dataset/masks/scab/model_1_synthetic_scab_35.png,scab,synthetic
data/lesion_zenodo/synthetic/Synthetic_Dataset/stable_diffusion_images/scab/model_1_synthetic_scab_36.png,data/lesion_zenodo/synthetic/Synthetic_Dataset/masks/scab/model_1_synthetic_scab_36.png,scab,synthetic
data/lesion_zenodo/synthetic/Synthetic_Dataset/stable_diffusion_images/scab/model_1_synthetic_scab_37.png,data/lesion_zenodo/synthetic/Synthetic_Dataset/masks/scab/model_1_synthetic_scab_37.png,scab,synthetic
data/lesion_zenodo/synthetic/Synthetic_Dataset/stable_diffusion_images/scab/model_1_synthetic_scab_38.png,data/lesion_zenodo/synthetic/Synthetic_Dataset/masks/scab/model_1_synthetic_scab_38.png,scab,synthetic
data/lesion_zenodo/synthetic/Synthetic_Dataset/stable_diffusion_images/scab/model_1_synthetic_scab_39.png,data/lesion_zenodo/synthetic/Synthetic_Dataset/masks/scab/model_1_synthetic_scab_39.png,scab,synthetic
data/lesion_zenodo/synthetic/Synthetic_Dataset/stable_diffusion_images/scab/model_1_synthetic_scab_4.png,data/lesion_zenodo/synthetic/Synthetic_Dataset/masks/scab/model_1_synthetic_scab_4.png,scab,synthetic
data/lesion_zenodo/synthetic/Synthetic_Dataset/stable_diffusion_images/scab/model_1_synthetic_scab_40.png,data/lesion_zenodo/synthetic/Synthetic_Dataset/masks/scab/model_1_synthetic_scab_40.png,scab,synthetic
data/lesion_zenodo/synthetic/Synthetic_Dataset/stable_diffusion_images/scab/model_1_synthetic_scab_41.png,data/lesion_zenodo/synthetic/Synthetic_Dataset/masks/scab/model_1_synthetic_scab_41.png,scab,synthetic
data/lesion_zenodo/synthetic/Synthetic_Dataset/stable_diffusion_images/scab/model_1_synthetic_scab_42.png,data/lesion_zenodo/synthetic/Synthetic_Dataset/masks/scab/model_1_synthetic_scab_42.png,scab,synthetic
data/lesion_zenodo/synthetic/Synthetic_Dataset/stable_diffusion_images/scab/model_1_synthetic_scab_43.png,data/lesion_zenodo/synthetic/Synthetic_Dataset/masks/scab/model_1_synthetic_scab_43.png,scab,synthetic
data/lesion_zenodo/synthetic/Synthetic_Dataset/stable_diffusion_images/scab/model_1_synthetic_scab_44.png,data/lesion_zenodo/synthetic/Synthetic_Dataset/masks/scab/model_1_synthetic_scab_44.png,scab,synthetic
data/lesion_zenodo/synthetic/Synthetic_Dataset/stable_diffusion_images/scab/model_1_synthetic_scab_45.png,data/lesion_zenodo/synthetic/Synthetic_Dataset/masks/scab/model_1_synthetic_scab_45.png,scab,synthetic
data/lesion_zenodo/synthetic/Synthetic_Dataset/stable_diffusion_images/scab/model_1_synthetic_scab_46.png,data/lesion_zenodo/synthetic/Synthetic_Dataset/masks/scab/model_1_synthetic_scab_46.png,scab,synthetic
data/lesion_zenodo/synthetic/Synthetic_Dataset/stable_diffusion_images/scab/model_1_synthetic_scab_47.png,data/lesion_zenodo/synthetic/Synthetic_Dataset/masks/scab/model_1_synthetic_scab_47.png,scab,synthetic
data/lesion_zenodo/synthetic/Synthetic_Dataset/stable_diffusion_images/scab/model_1_synthetic_scab_48.png,data/lesion_zenodo/synthetic/Synthetic_Dataset/masks/scab/model_1_synthetic_scab_48.png,scab,synthetic
data/lesion_zenodo/synthetic/Synthetic_Dataset/stable_diffusion_images/scab/model_1_synthetic_scab_49.png,data/lesion_zenodo/synthetic/Synthetic_Dataset/masks/scab/model_1_synthetic_scab_49.png,scab,synthetic
data/lesion_zenodo/synthetic/Synthetic_Dataset/stable_diffusion_images/scab/model_1_synthetic_scab_5.png,data/lesion_zenodo/synthetic/Synthetic_Dataset/masks/scab/model_1_synthetic_scab_5.png,scab,synthetic
data/lesion_zenodo/synthetic/Synthetic_Dataset/stable_diffusion_images/scab/model_1_synthetic_scab_50.png,data/lesion_zenodo/synthetic/Synthetic_Dataset/masks/scab/model_1_synthetic_scab_50.png,scab,synthetic
data/lesion_zenodo/synthetic/Synthetic_Dataset/stable_diffusion_images/scab/model_1_synthetic_scab_51.png,data/lesion_zenodo/synthetic/Synthetic_Dataset/masks/scab/model_1_synthetic_scab_51.png,scab,synthetic
data/lesion_zenodo/synthetic/Synthetic_Dataset/stable_diffusion_images/scab/model_1_synthetic_scab_52.png,data/lesion_zenodo/synthetic/Synthetic_Dataset/masks/scab/model_1_synthetic_scab_52.png,scab,synthetic
data/lesion_zenodo/synthetic/Synthetic_Dataset/stable_diffusion_images/scab/model_1_synthetic_scab_53.png,data/lesion_zenodo/synthetic/Synthetic_Dataset/masks/scab/model_1_synthetic_scab_53.png,scab,synthetic
data/lesion_zenodo/synthetic/Synthetic_Dataset/stable_diffusion_images/scab/model_1_synthetic_scab_54.png,data/lesion_zenodo/synthetic/Synthetic_Dataset/masks/scab/model_1_synthetic_scab_54.png,scab,synthetic
data/lesion_zenodo/synthetic/Synthetic_Dataset/stable_diffusion_images/scab/model_1_synthetic_scab_55.png,data/lesion_zenodo/synthetic/Synthetic_Dataset/masks/scab/model_1_synthetic_scab_55.png,scab,synthetic
data/lesion_zenodo/synthetic/Synthetic_Dataset/stable_diffusion_images/scab/model_1_synthetic_scab_56.png,data/lesion_zenodo/synthetic/Synthetic_Dataset/masks/scab/model_1_synthetic_scab_56.png,scab,synthetic
data/lesion_zenodo/synthetic/Synthetic_Dataset/stable_diffusion_images/scab/model_1_synthetic_scab_57.png,data/lesion_zenodo/synthetic/Synthetic_Dataset/masks/scab/model_1_synthetic_scab_57.png,scab,synthetic
data/lesion_zenodo/synthetic/Synthetic_Dataset/stable_diffusion_images/scab/model_1_synthetic_scab_58.png,data/lesion_zenodo/synthetic/Synthetic_Dataset/masks/scab/model_1_synthetic_scab_58.png,scab,synthetic
data/lesion_zenodo/synthetic/Synthetic_Dataset/stable_diffusion_images/scab/model_1_synthetic_scab_59.png,data/lesion_zenodo/synthetic/Synthetic_Dataset/masks/scab/model_1_synthetic_scab_59.png,scab,synthetic
data/lesion_zenodo/synthetic/Synthetic_Dataset/stable_diffusion_images/scab/model_1_synthetic_scab_6.png,data/lesion_zenodo/synthetic/Synthetic_Dataset/masks/scab/model_1_synthetic_scab_6.png,scab,synthetic
data/lesion_zenodo/synthetic/Synthetic_Dataset/stable_diffusion_images/scab/model_1_synthetic_scab_60.png,data/lesion_zenodo/synthetic/Synthetic_Dataset/masks/scab/model_1_synthetic_scab_60.png,scab,synthetic
data/lesion_zenodo/synthetic/Synthetic_Dataset/stable_diffusion_images/scab/model_1_synthetic_scab_61.png,data/lesion_zenodo/synthetic/Synthetic_Dataset/masks/scab/model_1_synthetic_scab_61.png,scab,synthetic
data/lesion_zenodo/synthetic/Synthetic_Dataset/stable_diffusion_images/scab/model_1_synthetic_scab_62.png,data/lesion_zenodo/synthetic/Synthetic_Dataset/masks/scab/model_1_synthetic_scab_62.png,scab,synthetic
data/lesion_zenodo/synthetic/Synthetic_Dataset/stable_diffusion_images/scab/model_1_synthetic_scab_63.png,data/lesion_zenodo/synthetic/Synthetic_Dataset/masks/scab/model_1_synthetic_scab_63.png,scab,synthetic
data/lesion_zenodo/synthetic/Synthetic_Dataset/stable_diffusion_images/scab/model_1_synthetic_scab_64.png,data/lesion_zenodo/synthetic/Synthetic_Dataset/masks/scab/model_1_synthetic_scab_64.png,scab,synthetic
data/lesion_zenodo/synthetic/Synthetic_Dataset/stable_diffusion_images/scab/model_1_synthetic_scab_65.png,data/lesion_zenodo/synthetic/Synthetic_Dataset/masks/scab/model_1_synthetic_scab_65.png,scab,synthetic
data/lesion_zenodo/synthetic/Synthetic_Dataset/stable_diffusion_images/scab/model_1_synthetic_scab_66.png,data/lesion_zenodo/synthetic/Synthetic_Dataset/masks/scab/model_1_synthetic_scab_66.png,scab,synthetic
data/lesion_zenodo/synthetic/Synthetic_Dataset/stable_diffusion_images/scab/model_1_synthetic_scab_67.png,data/lesion_zenodo/synthetic/Synthetic_Dataset/masks/scab/model_1_synthetic_scab_67.png,scab,synthetic
data/lesion_zenodo/synthetic/Synthetic_Dataset/stable_diffusion_images/scab/model_1_synthetic_scab_68.png,data/lesion_zenodo/synthetic/Synthetic_Dataset/masks/scab/model_1_synthetic_scab_68.png,scab,synthetic
data/lesion_zenodo/synthetic/Synthetic_Dataset/stable_diffusion_images/scab/model_1_synthetic_scab_69.png,data/lesion_zenodo/synthetic/Synthetic_Dataset/masks/scab/model_1_synthetic_scab_69.png,scab,synthetic
data/lesion_zenodo/synthetic/Synthetic_Dataset/stable_diffusion_images/scab/model_1_synthetic_scab_7.png,data/lesion_zenodo/synthetic/Synthetic_Dataset/masks/scab/model_1_synthetic_scab_7.png,scab,synthetic
data/lesion_zenodo/synthetic/Synthetic_Dataset/stable_diffusion_images/scab/model_1_synthetic_scab_70.png,data/lesion_zenodo/synthetic/Synthetic_Dataset/masks/scab/model_1_synthetic_scab_70.png,scab,synthetic
data/lesion_zenodo/synthetic/Synthetic_Dataset/stable_diffusion_images/scab/model_1_synthetic_scab_71.png,data/lesion_zenodo/synthetic/Synthetic_Dataset/masks/scab/model_1_synthetic_scab_71.png,scab,synthetic
data/lesion_zenodo/synthetic/Synthetic_Dataset/stable_diffusion_images/scab/model_1_synthetic_scab_72.png,data/lesion_zenodo/synthetic/Synthetic_Dataset/masks/scab/model_1_synthetic_scab_72.png,scab,synthetic
data/lesion_zenodo/synthetic/Synthetic_Dataset/stable_diffusion_images/scab/model_1_synthetic_scab_73.png,data/lesion_zenodo/synthetic/Synthetic_Dataset/masks/scab/model_1_synthetic_scab_73.png,scab,synthetic
data/lesion_zenodo/synthetic/Synthetic_Dataset/stable_diffusion_images/scab/model_1_synthetic_scab_74.png,data/lesion_zenodo/synthetic/Synthetic_Dataset/masks/scab/model_1_synthetic_scab_74.png,scab,synthetic
data/lesion_zenodo/synthetic/Synthetic_Dataset/stable_diffusion_images/scab/model_1_synthetic_scab_75.png,data/lesion_zenodo/synthetic/Synthetic_Dataset/masks/scab/model_1_synthetic_scab_75.png,scab,synthetic
data/lesion_zenodo/synthetic/Synthetic_Dataset/stable_diffusion_images/scab/model_1_synthetic_scab_76.png,data/lesion_zenodo/synthetic/Synthetic_Dataset/masks/scab/model_1_synthetic_scab_76.png,scab,synthetic
data/lesion_zenodo/synthetic/Synthetic_Dataset/stable_diffusion_images/scab/model_1_synthetic_scab_77.png,data/lesion_zenodo/synthetic/Synthetic_Dataset/masks/scab/model_1_synthetic_scab_77.png,scab,synthetic
data/lesion_zenodo/synthetic/Synthetic_Dataset/stable_diffusion_images/scab/model_1_synthetic_scab_78.png,data/lesion_zenodo/synthetic/Synthetic_Dataset/masks/scab/model_1_synthetic_scab_78.png,scab,synthetic
data/lesion_zenodo/synthetic/Synthetic_Dataset/stable_diffusion_images/scab/model_1_synthetic_scab_79.png,data/lesion_zenodo/synthetic/Synthetic_Dataset/masks/scab/model_1_synthetic_scab_79.png,scab,synthetic
data/lesion_zenodo/synthetic/Synthetic_Dataset/stable_diffusion_images/scab/model_1_synthetic_scab_8.png,data/lesion_zenodo/synthetic/Synthetic_Dataset/masks/scab/model_1_synthetic_scab_8.png,scab,synthetic
data/lesion_zenodo/synthetic/Synthetic_Dataset/stable_diffusion_images/scab/model_1_synthetic_scab_80.png,data/lesion_zenodo/synthetic/Synthetic_Dataset/masks/scab/model_1_synthetic_scab_80.png,scab,synthetic
data/lesion_zenodo/synthetic/Synthetic_Dataset/stable_diffusion_images/scab/model_1_synthetic_scab_81.png,data/lesion_zenodo/synthetic/Synthetic_Dataset/masks/scab/model_1_synthetic_scab_81.png,scab,synthetic
data/lesion_zenodo/synthetic/Synthetic_Dataset/stable_diffusion_images/scab/model_1_synthetic_scab_82.png,data/lesion_zenodo/synthetic/Synthetic_Dataset/masks/scab/model_1_synthetic_scab_82.png,scab,synthetic
data/lesion_zenodo/synthetic/Synthetic_Dataset/stable_diffusion_images/scab/model_1_synthetic_scab_83.png,data/lesion_zenodo/synthetic/Synthetic_Dataset/masks/scab/model_1_synthetic_scab_83.png,scab,synthetic
data/lesion_zenodo/synthetic/Synthetic_Dataset/stable_diffusion_images/scab/model_1_synthetic_scab_84.png,data/lesion_zenodo/synthetic/Synthetic_Dataset/masks/scab/model_1_synthetic_scab_84.png,scab,synthetic
data/lesion_zenodo/synthetic/Synthetic_Dataset/stable_diffusion_images/scab/model_1_synthetic_scab_85.png,data/lesion_zenodo/synthetic/Synthetic_Dataset/masks/scab/model_1_synthetic_scab_85.png,scab,synthetic
data/lesion_zenodo/synthetic/Synthetic_Dataset/stable_diffusion_images/scab/model_1_synthetic_scab_86.png,data/lesion_zenodo/synthetic/Synthetic_Dataset/masks/scab/model_1_synthetic_scab_86.png,scab,synthetic
data/lesion_zenodo/synthetic/Synthetic_Dataset/stable_diffusion_images/scab/model_1_synthetic_scab_87.png,data/lesion_zenodo/synthetic/Synthetic_Dataset/masks/scab/model_1_synthetic_scab_87.png,scab,synthetic
data/lesion_zenodo/synthetic/Synthetic_Dataset/stable_diffusion_images/scab/model_1_synthetic_scab_88.png,data/lesion_zenodo/synthetic/Synthetic_Dataset/masks/scab/model_1_synthetic_scab_88.png,scab,synthetic
data/lesion_zenodo/synthetic/Synthetic_Dataset/stable_diffusion_images/scab/model_1_synthetic_scab_89.png,data/lesion_zenodo/synthetic/Synthetic_Dataset/masks/scab/model_1_synthetic_scab_89.png,scab,synthetic
data/lesion_zenodo/synthetic/Synthetic_Dataset/stable_diffusion_images/scab/model_1_synthetic_scab_9.png,data/lesion_zenodo/synthetic/Synthetic_Dataset/masks/scab/model_1_synthetic_scab_9.png,scab,synthetic
data/lesion_zenodo/synthetic/Synthetic_Dataset/stable_diffusion_images/scab/model_1_synthetic_scab_90.png,data/lesion_zenodo/synthetic/Synthetic_Dataset/masks/scab/model_1_synthetic_scab_90.png,scab,synthetic
data/lesion_zenodo/synthetic/Synthetic_Dataset/stable_diffusion_images/scab/model_1_synthetic_scab_91.png,data/lesion_zenodo/synthetic/Synthetic_Dataset/masks/scab/model_1_synthetic_scab_91.png,scab,synthetic
data/lesion_zenodo/synthetic/Synthetic_Dataset/stable_diffusion_images/scab/model_1_synthetic_scab_92.png,data/lesion_zenodo/synthetic/Synthetic_Dataset/masks/scab/model_1_synthetic_scab_92.png,scab,synthetic
data/lesion_zenodo/synthetic/Synthetic_Dataset/stable_diffusion_images/scab/model_1_synthetic_scab_93.png,data/lesion_zenodo/synthetic/Synthetic_Dataset/masks/scab/model_1_synthetic_scab_93.png,scab,synthetic
data/lesion_zenodo/synthetic/Synthetic_Dataset/stable_diffusion_images/scab/model_1_synthetic_scab_94.png,data/lesion_zenodo/synthetic/Synthetic_Dataset/masks/scab/model_1_synthetic_scab_94.png,scab,synthetic
data/lesion_zenodo/synthetic/Synthetic_Dataset/stable_diffusion_images/scab/model_1_synthetic_scab_95.png,data/lesion_zenodo/synthetic/Synthetic_Dataset/masks/scab/model_1_synthetic_scab_95.png,scab,synthetic
data/lesion_zenodo/synthetic/Synthetic_Dataset/stable_diffusion_images/scab/model_1_synthetic_scab_96.png,data/lesion_zenodo/synthetic/Synthetic_Dataset/masks/scab/model_1_synthetic_scab_96.png,scab,synthetic
data/lesion_zenodo/synthetic/Synthetic_Dataset/stable_diffusion_images/scab/model_1_synthetic_scab_97.png,data/lesion_zenodo/synthetic/Synthetic_Dataset/masks/scab/model_1_synthetic_scab_97.png,scab,synthetic
data/lesion_zenodo/synthetic/Synthetic_Dataset/stable_diffusion_images/scab/model_1_synthetic_scab_98.png,data/lesion_zenodo/synthetic/Synthetic_Dataset/masks/scab/model_1_synthetic_scab_98.png,scab,synthetic
data/lesion_zenodo/synthetic/Synthetic_Dataset/stable_diffusion_images/scab/model_1_synthetic_scab_99.png,data/lesion_zenodo/synthetic/Synthetic_Dataset/masks/scab/model_1_synthetic_scab_99.png,scab,synthetic
