path,relative_path,reason,error
C:\Users\gunn\Desktop\work\appleleaf\data\external_classification\kashmir\APPLE ROT LEAVES\5062.jpg(1).jpeg,APPLE ROT LEAVES/5062.jpg(1).jpeg,missing_git_lfs_image,cannot identify image file 'data\\external_classification\\kashmir\\APPLE ROT LEAVES\\5062.jpg(1).jpeg'
C:\Users\gunn\Desktop\work\appleleaf\data\external_classification\kashmir\APPLE ROT LEAVES\5064.jpg(1).jpeg,APPLE ROT LEAVES/5064.jpg(1).jpeg,missing_git_lfs_image,cannot identify image file 'data\\external_classification\\kashmir\\APPLE ROT LEAVES\\5064.jpg(1).jpeg'
C:\Users\gunn\Desktop\work\appleleaf\data\external_classification\kashmir\APPLE ROT LEAVES\5094.jpg(1).jpeg,APPLE ROT LEAVES/5094.jpg(1).jpeg,missing_git_lfs_image,cannot identify image file 'data\\external_classification\\kashmir\\APPLE ROT LEAVES\\5094.jpg(1).jpeg'
C:\Users\gunn\Desktop\work\appleleaf\data\external_classification\kashmir\APPLE ROT LEAVES\WhatsApp Image 2022-07-04 at 7.37.35 PM (11)(1).jpeg,APPLE ROT LEAVES/WhatsApp Image 2022-07-04 at 7.37.35 PM (11)(1).jpeg,missing_git_lfs_image,cannot identify image file 'data\\external_classification\\kashmir\\APPLE ROT LEAVES\\WhatsApp Image 2022-07-04 at 7.37.35 PM (11)(1).jpeg'
C:\Users\gunn\Desktop\work\appleleaf\data\external_classification\kashmir\APPLE ROT LEAVES\WhatsApp Image 2022-07-04 at 7.37.35 PM (12)(1).jpeg,APPLE ROT LEAVES/WhatsApp Image 2022-07-04 at 7.37.35 PM (12)(1).jpeg,missing_git_lfs_image,cannot identify image file 'data\\external_classification\\kashmir\\APPLE ROT LEAVES\\WhatsApp Image 2022-07-04 at 7.37.35 PM (12)(1).jpeg'
C:\Users\gunn\Desktop\work\appleleaf\data\external_classification\kashmir\SCAB LEAVES\5002.jpg.jpeg,SCAB LEAVES/5002.jpg.jpeg,missing_git_lfs_image,cannot identify image file 'data\\external_classification\\kashmir\\SCAB LEAVES\\5002.jpg.jpeg'
C:\Users\gunn\Desktop\work\appleleaf\data\external_classification\kashmir\SCAB LEAVES\5005.jpg.jpeg,SCAB LEAVES/5005.jpg.jpeg,missing_git_lfs_image,cannot identify image file 'data\\external_classification\\kashmir\\SCAB LEAVES\\5005.jpg.jpeg'
C:\Users\gunn\Desktop\work\appleleaf\data\external_classification\kashmir\SCAB LEAVES\5006.jpg.jpeg,SCAB LEAVES/5006.jpg.jpeg,missing_git_lfs_image,cannot identify image file 'data\\external_classification\\kashmir\\SCAB LEAVES\\5006.jpg.jpeg'
C:\Users\gunn\Desktop\work\appleleaf\data\external_classification\kashmir\SCAB LEAVES\5008.jpg.jpeg,SCAB LEAVES/5008.jpg.jpeg,missing_git_lfs_image,cannot identify image file 'data\\external_classification\\kashmir\\SCAB LEAVES\\5008.jpg.jpeg'
C:\Users\gunn\Desktop\work\appleleaf\data\external_classification\kashmir\SCAB LEAVES\5010.jpg.jpeg,SCAB LEAVES/5010.jpg.jpeg,missing_git_lfs_image,cannot identify image file 'data\\external_classification\\kashmir\\SCAB LEAVES\\5010.jpg.jpeg'
C:\Users\gunn\Desktop\work\appleleaf\data\external_classification\kashmir\SCAB LEAVES\5011.jpg.jpeg,SCAB LEAVES/5011.jpg.jpeg,missing_git_lfs_image,cannot identify image file 'data\\external_classification\\kashmir\\SCAB LEAVES\\5011.jpg.jpeg'
C:\Users\gunn\Desktop\work\appleleaf\data\external_classification\kashmir\SCAB LEAVES\5012.jpg.jpeg,SCAB LEAVES/5012.jpg.jpeg,missing_git_lfs_image,cannot identify image file 'data\\external_classification\\kashmir\\SCAB LEAVES\\5012.jpg.jpeg'
C:\Users\gunn\Desktop\work\appleleaf\data\external_classification\kashmir\SCAB LEAVES\5015.jpg.jpeg,SCAB LEAVES/5015.jpg.jpeg,missing_git_lfs_image,cannot identify image file 'data\\external_classification\\kashmir\\SCAB LEAVES\\5015.jpg.jpeg'
C:\Users\gunn\Desktop\work\appleleaf\data\external_classification\kashmir\SCAB LEAVES\5016.jpg.jpeg,SCAB LEAVES/5016.jpg.jpeg,missing_git_lfs_image,cannot identify image file 'data\\external_classification\\kashmir\\SCAB LEAVES\\5016.jpg.jpeg'
C:\Users\gunn\Desktop\work\appleleaf\data\external_classification\kashmir\SCAB LEAVES\5017.jpg.jpeg,SCAB LEAVES/5017.jpg.jpeg,missing_git_lfs_image,cannot identify image file 'data\\external_classification\\kashmir\\SCAB LEAVES\\5017.jpg.jpeg'
C:\Users\gunn\Desktop\work\appleleaf\data\external_classification\kashmir\SCAB LEAVES\5037.jpg.jpeg,SCAB LEAVES/5037.jpg.jpeg,missing_git_lfs_image,cannot identify image file 'data\\external_classification\\kashmir\\SCAB LEAVES\\5037.jpg.jpeg'
C:\Users\gunn\Desktop\work\appleleaf\data\external_classification\kashmir\SCAB LEAVES\5038.jpg.jpeg,SCAB LEAVES/5038.jpg.jpeg,missing_git_lfs_image,cannot identify image file 'data\\external_classification\\kashmir\\SCAB LEAVES\\5038.jpg.jpeg'
C:\Users\gunn\Desktop\work\appleleaf\data\external_classification\kashmir\SCAB LEAVES\5040.jpg.jpeg,SCAB LEAVES/5040.jpg.jpeg,missing_git_lfs_image,cannot identify image file 'data\\external_classification\\kashmir\\SCAB LEAVES\\5040.jpg.jpeg'
C:\Users\gunn\Desktop\work\appleleaf\data\external_classification\kashmir\SCAB LEAVES\5041.jpg.jpeg,SCAB LEAVES/5041.jpg.jpeg,missing_git_lfs_image,cannot identify image file 'data\\external_classification\\kashmir\\SCAB LEAVES\\5041.jpg.jpeg'
C:\Users\gunn\Desktop\work\appleleaf\data\external_classification\kashmir\SCAB LEAVES\5042.jpg.jpeg,SCAB LEAVES/5042.jpg.jpeg,missing_git_lfs_image,cannot identify image file 'data\\external_classification\\kashmir\\SCAB LEAVES\\5042.jpg.jpeg'
C:\Users\gunn\Desktop\work\appleleaf\data\external_classification\kashmir\SCAB LEAVES\5044.jpg.jpeg,SCAB LEAVES/5044.jpg.jpeg,missing_git_lfs_image,cannot identify image file 'data\\external_classification\\kashmir\\SCAB LEAVES\\5044.jpg.jpeg'
C:\Users\gunn\Desktop\work\appleleaf\data\external_classification\kashmir\SCAB LEAVES\5045.jpg.jpeg,SCAB LEAVES/5045.jpg.jpeg,missing_git_lfs_image,cannot identify image file 'data\\external_classification\\kashmir\\SCAB LEAVES\\5045.jpg.jpeg'
C:\Users\gunn\Desktop\work\appleleaf\data\external_classification\kashmir\SCAB LEAVES\5046.jpg.jpeg,SCAB LEAVES/5046.jpg.jpeg,missing_git_lfs_image,cannot identify image file 'data\\external_classification\\kashmir\\SCAB LEAVES\\5046.jpg.jpeg'
C:\Users\gunn\Desktop\work\appleleaf\data\external_classification\kashmir\SCAB LEAVES\5047.jpg.jpeg,SCAB LEAVES/5047.jpg.jpeg,missing_git_lfs_image,cannot identify image file 'data\\external_classification\\kashmir\\SCAB LEAVES\\5047.jpg.jpeg'
C:\Users\gunn\Desktop\work\appleleaf\data\external_classification\kashmir\SCAB LEAVES\5050.jpg.jpeg,SCAB LEAVES/5050.jpg.jpeg,missing_git_lfs_image,cannot identify image file 'data\\external_classification\\kashmir\\SCAB LEAVES\\5050.jpg.jpeg'
C:\Users\gunn\Desktop\work\appleleaf\data\external_classification\kashmir\SCAB LEAVES\5051.jpg.jpeg,SCAB LEAVES/5051.jpg.jpeg,missing_git_lfs_image,cannot identify image file 'data\\external_classification\\kashmir\\SCAB LEAVES\\5051.jpg.jpeg'
C:\Users\gunn\Desktop\work\appleleaf\data\external_classification\kashmir\SCAB LEAVES\5052.jpg.jpeg,SCAB LEAVES/5052.jpg.jpeg,missing_git_lfs_image,cannot identify image file 'data\\external_classification\\kashmir\\SCAB LEAVES\\5052.jpg.jpeg'
C:\Users\gunn\Desktop\work\appleleaf\data\external_classification\kashmir\SCAB LEAVES\5053.jpg.jpeg,SCAB LEAVES/5053.jpg.jpeg,missing_git_lfs_image,cannot identify image file 'data\\external_classification\\kashmir\\SCAB LEAVES\\5053.jpg.jpeg'
C:\Users\gunn\Desktop\work\appleleaf\data\external_classification\kashmir\SCAB LEAVES\5058.jpg.jpeg,SCAB LEAVES/5058.jpg.jpeg,missing_git_lfs_image,cannot identify image file 'data\\external_classification\\kashmir\\SCAB LEAVES\\5058.jpg.jpeg'
C:\Users\gunn\Desktop\work\appleleaf\data\external_classification\kashmir\SCAB LEAVES\5065.jpg.jpeg,SCAB LEAVES/5065.jpg.jpeg,missing_git_lfs_image,cannot identify image file 'data\\external_classification\\kashmir\\SCAB LEAVES\\5065.jpg.jpeg'
C:\Users\gunn\Desktop\work\appleleaf\data\external_classification\kashmir\SCAB LEAVES\5068.jpg.jpeg,SCAB LEAVES/5068.jpg.jpeg,missing_git_lfs_image,cannot identify image file 'data\\external_classification\\kashmir\\SCAB LEAVES\\5068.jpg.jpeg'
C:\Users\gunn\Desktop\work\appleleaf\data\external_classification\kashmir\SCAB LEAVES\5069.jpg.jpeg,SCAB LEAVES/5069.jpg.jpeg,missing_git_lfs_image,cannot identify image file 'data\\external_classification\\kashmir\\SCAB LEAVES\\5069.jpg.jpeg'
C:\Users\gunn\Desktop\work\appleleaf\data\external_classification\kashmir\SCAB LEAVES\5070.jpg.jpeg,SCAB LEAVES/5070.jpg.jpeg,missing_git_lfs_image,cannot identify image file 'data\\external_classification\\kashmir\\SCAB LEAVES\\5070.jpg.jpeg'
C:\Users\gunn\Desktop\work\appleleaf\data\external_classification\kashmir\SCAB LEAVES\5076.jpg.jpeg,SCAB LEAVES/5076.jpg.jpeg,missing_git_lfs_image,cannot identify image file 'data\\external_classification\\kashmir\\SCAB LEAVES\\5076.jpg.jpeg'
C:\Users\gunn\Desktop\work\appleleaf\data\external_classification\kashmir\SCAB LEAVES\5078.jpg.jpeg,SCAB LEAVES/5078.jpg.jpeg,missing_git_lfs_image,cannot identify image file 'data\\external_classification\\kashmir\\SCAB LEAVES\\5078.jpg.jpeg'
C:\Users\gunn\Desktop\work\appleleaf\data\external_classification\kashmir\SCAB LEAVES\5082.jpg.jpeg,SCAB LEAVES/5082.jpg.jpeg,missing_git_lfs_image,cannot identify image file 'data\\external_classification\\kashmir\\SCAB LEAVES\\5082.jpg.jpeg'
C:\Users\gunn\Desktop\work\appleleaf\data\external_classification\kashmir\SCAB LEAVES\5084.jpg.jpeg,SCAB LEAVES/5084.jpg.jpeg,missing_git_lfs_image,cannot identify image file 'data\\external_classification\\kashmir\\SCAB LEAVES\\5084.jpg.jpeg'
C:\Users\gunn\Desktop\work\appleleaf\data\external_classification\kashmir\SCAB LEAVES\5086.jpg.jpeg,SCAB LEAVES/5086.jpg.jpeg,missing_git_lfs_image,cannot identify image file 'data\\external_classification\\kashmir\\SCAB LEAVES\\5086.jpg.jpeg'
C:\Users\gunn\Desktop\work\appleleaf\data\external_classification\kashmir\SCAB LEAVES\5087.jpg.jpeg,SCAB LEAVES/5087.jpg.jpeg,missing_git_lfs_image,cannot identify image file 'data\\external_classification\\kashmir\\SCAB LEAVES\\5087.jpg.jpeg'
C:\Users\gunn\Desktop\work\appleleaf\data\external_classification\kashmir\SCAB LEAVES\5089.jpg.jpeg,SCAB LEAVES/5089.jpg.jpeg,missing_git_lfs_image,cannot identify image file 'data\\external_classification\\kashmir\\SCAB LEAVES\\5089.jpg.jpeg'
C:\Users\gunn\Desktop\work\appleleaf\data\external_classification\kashmir\SCAB LEAVES\5090.jpg.jpeg,SCAB LEAVES/5090.jpg.jpeg,missing_git_lfs_image,cannot identify image file 'data\\external_classification\\kashmir\\SCAB LEAVES\\5090.jpg.jpeg'
C:\Users\gunn\Desktop\work\appleleaf\data\external_classification\kashmir\SCAB LEAVES\5091.jpg.jpeg,SCAB LEAVES/5091.jpg.jpeg,missing_git_lfs_image,cannot identify image file 'data\\external_classification\\kashmir\\SCAB LEAVES\\5091.jpg.jpeg'
C:\Users\gunn\Desktop\work\appleleaf\data\external_classification\kashmir\SCAB LEAVES\5092.jpg.jpeg,SCAB LEAVES/5092.jpg.jpeg,missing_git_lfs_image,cannot identify image file 'data\\external_classification\\kashmir\\SCAB LEAVES\\5092.jpg.jpeg'
C:\Users\gunn\Desktop\work\appleleaf\data\external_classification\kashmir\SCAB LEAVES\5093.jpg.jpeg,SCAB LEAVES/5093.jpg.jpeg,missing_git_lfs_image,cannot identify image file 'data\\external_classification\\kashmir\\SCAB LEAVES\\5093.jpg.jpeg'
C:\Users\gunn\Desktop\work\appleleaf\data\external_classification\kashmir\SCAB LEAVES\5095.jpg.jpeg,SCAB LEAVES/5095.jpg.jpeg,missing_git_lfs_image,cannot identify image file 'data\\external_classification\\kashmir\\SCAB LEAVES\\5095.jpg.jpeg'
C:\Users\gunn\Desktop\work\appleleaf\data\external_classification\kashmir\SCAB LEAVES\5098.jpg.jpeg,SCAB LEAVES/5098.jpg.jpeg,missing_git_lfs_image,cannot identify image file 'data\\external_classification\\kashmir\\SCAB LEAVES\\5098.jpg.jpeg'
C:\Users\gunn\Desktop\work\appleleaf\data\external_classification\kashmir\SCAB LEAVES\5099.jpg.jpeg,SCAB LEAVES/5099.jpg.jpeg,missing_git_lfs_image,cannot identify image file 'data\\external_classification\\kashmir\\SCAB LEAVES\\5099.jpg.jpeg'
