path,relative_path,source_folder,class_name,label,sha256,true_class,predicted_class,confidence,correct,probability_Apple___Apple_scab,probability_Apple___Black_rot,probability_Apple___Cedar_apple_rust,probability_Apple___healthy
C:\Users\gunn\Desktop\work\appleleaf\data\external_classification\kashmir\APPLE ROT LEAVES\1079.jpg.jpeg,APPLE ROT LEAVES/1079.jpg.jpeg,APPLE ROT LEAVES,Apple___Black_rot,1,00bd114e72a4f091c996ccf73b0ded4272413cfcd5622f47315b842b8111eca9,Apple___Black_rot,Apple___Black_rot,0.4248095154762268,True,0.29881128668785095,0.4248095154762268,0.04494394361972809,0.23143529891967773
C:\Users\gunn\Desktop\work\appleleaf\data\external_classification\kashmir\APPLE ROT LEAVES\1080.jpg.jpeg,APPLE ROT LEAVES/1080.jpg.jpeg,APPLE ROT LEAVES,Apple___Black_rot,1,04e602a7e696f68210a9ddcca1d0c0d9a084f92cde009b03185514d34e880c9b,Apple___Black_rot,Apple___healthy,0.7073336839675903,False,0.19262447953224182,0.09193036705255508,0.00811149924993515,0.7073336839675903
C:\Users\gunn\Desktop\work\appleleaf\data\external_classification\kashmir\APPLE ROT LEAVES\1082.jpg.jpeg,APPLE ROT LEAVES/1082.jpg.jpeg,APPLE ROT LEAVES,Apple___Black_rot,1,9dde43a47001485cb9fa9bb59d7130c14f698554cbc0b320875530026b55076d,Apple___Black_rot,Apple___Apple_scab,0.5190175771713257,False,0.5190175771713257,0.24863240122795105,0.19340446591377258,0.038945551961660385
C:\Users\gunn\Desktop\work\appleleaf\data\external_classification\kashmir\APPLE ROT LEAVES\1084.jpg.jpeg,APPLE ROT LEAVES/1084.jpg.jpeg,APPLE ROT LEAVES,Apple___Black_rot,1,40c436e80ad2714fb5c4e9e4b9178d0072d1aba864ec3fe1d18f95f0bb0f7e63,Apple___Black_rot,Apple___healthy,0.7929098606109619,False,0.20167194306850433,0.005348630715161562,6.959038000786677e-05,0.7929098606109619
C:\Users\gunn\Desktop\work\appleleaf\data\external_classification\kashmir\APPLE ROT LEAVES\1086.jpg.jpeg,APPLE ROT LEAVES/1086.jpg.jpeg,APPLE ROT LEAVES,Apple___Black_rot,1,bbbfb532e65ffffc093b66539c0584de70af54125670fe73a481cfb5f6327a76,Apple___Black_rot,Apple___Apple_scab,0.5155161023139954,False,0.5155161023139954,0.40698882937431335,0.06363513320684433,0.013859886676073074
C:\Users\gunn\Desktop\work\appleleaf\data\external_classification\kashmir\APPLE ROT LEAVES\1092.jpg.jpeg,APPLE ROT LEAVES/1092.jpg.jpeg,APPLE ROT LEAVES,Apple___Black_rot,1,b98135f8163727c226e02271864f6d1924cc2af0b596e9d2417135f9f92c5af7,Apple___Black_rot,Apple___Black_rot,0.5697769522666931,True,0.37234389781951904,0.5697769522666931,0.04535136744379997,0.0125277666375041
C:\Users\gunn\Desktop\work\appleleaf\data\external_classification\kashmir\APPLE ROT LEAVES\1094.jpg.jpeg,APPLE ROT LEAVES/1094.jpg.jpeg,APPLE ROT LEAVES,Apple___Black_rot,1,95e43cf995b12bae0146f73a6ebf862747f5bb7de9e0cf9728755b0a2688c3a5,Apple___Black_rot,Apple___Black_rot,0.5226439833641052,True,0.42794474959373474,0.5226439833641052,0.00624404801055789,0.04316728562116623
C:\Users\gunn\Desktop\work\appleleaf\data\external_classification\kashmir\APPLE ROT LEAVES\1095.jpg.jpeg,APPLE ROT LEAVES/1095.jpg.jpeg,APPLE ROT LEAVES,Apple___Black_rot,1,9f6b52465205146518cc6259ee88f4dd8850d3b82310842072b2fa6910365e08,Apple___Black_rot,Apple___Apple_scab,0.39790308475494385,False,0.39790308475494385,0.3773448169231415,0.03597669303417206,0.18877540528774261
C:\Users\gunn\Desktop\work\appleleaf\data\external_classification\kashmir\APPLE ROT LEAVES\1096.jpg.jpeg,APPLE ROT LEAVES/1096.jpg.jpeg,APPLE ROT LEAVES,Apple___Black_rot,1,0003a4de69d4556c917192eacd82ee3621126637db9ff09ed717d27bd811256d,Apple___Black_rot,Apple___healthy,0.7077065706253052,False,0.19702962040901184,0.08711840957403183,0.00814541894942522,0.7077065706253052
C:\Users\gunn\Desktop\work\appleleaf\data\external_classification\kashmir\APPLE ROT LEAVES\1098.jpg.jpeg,APPLE ROT LEAVES/1098.jpg.jpeg,APPLE ROT LEAVES,Apple___Black_rot,1,32c4ba87663ab75a81d80e26e1c2d2b48fe1ac97e74b602ace6c810ec50c2c08,Apple___Black_rot,Apple___Apple_scab,0.524749755859375,False,0.524749755859375,0.24831950664520264,0.18987078964710236,0.03705994039773941
C:\Users\gunn\Desktop\work\appleleaf\data\external_classification\kashmir\APPLE ROT LEAVES\2000.jpg.jpeg,APPLE ROT LEAVES/2000.jpg.jpeg,APPLE ROT LEAVES,Apple___Black_rot,1,f13e66ff7d4ce706cf631d0fbb1d90faff8da1d9be30771c5840106c67530674,Apple___Black_rot,Apple___healthy,0.8076115846633911,False,0.18595507740974426,0.006339129991829395,9.425731695955619e-05,0.8076115846633911
C:\Users\gunn\Desktop\work\appleleaf\data\external_classification\kashmir\APPLE ROT LEAVES\2005.jpg.jpeg,APPLE ROT LEAVES/2005.jpg.jpeg,APPLE ROT LEAVES,Apple___Black_rot,1,ca086a70602e5538e8f1ed6e9f03becd90015499993d7b7e34725c380e9da7ca,Apple___Black_rot,Apple___Apple_scab,0.5569723844528198,False,0.5569723844528198,0.3726939558982849,0.058642610907554626,0.011691098101437092
C:\Users\gunn\Desktop\work\appleleaf\data\external_classification\kashmir\APPLE ROT LEAVES\2006.jpg.jpeg,APPLE ROT LEAVES/2006.jpg.jpeg,APPLE ROT LEAVES,Apple___Black_rot,1,5b5c97f9cea311da8f88092a5f01c4b47dbdab87a1225c7a9d1daf9af1a7fd46,Apple___Black_rot,Apple___Apple_scab,0.6198287606239319,False,0.6198287606239319,0.3197935223579407,0.05106518417596817,0.009312472306191921
C:\Users\gunn\Desktop\work\appleleaf\data\external_classification\kashmir\APPLE ROT LEAVES\2010.jpg.jpeg,APPLE ROT LEAVES/2010.jpg.jpeg,APPLE ROT LEAVES,Apple___Black_rot,1,eb69eb87f70a8cee08247e4bd9119bd397407a8cf6315953d1ee7db3a8ff1c6a,Apple___Black_rot,Apple___Black_rot,0.6183337569236755,True,0.351589560508728,0.6183337569236755,0.026094190776348114,0.003982504829764366
C:\Users\gunn\Desktop\work\appleleaf\data\external_classification\kashmir\APPLE ROT LEAVES\2012.jpg.jpeg,APPLE ROT LEAVES/2012.jpg.jpeg,APPLE ROT LEAVES,Apple___Black_rot,1,00d192eb784dd3b5805a63e6aa8edef0614a62e61a2ba4b72f663030cdc211a9,Apple___Black_rot,Apple___Black_rot,0.4900365173816681,True,0.45726069808006287,0.4900365173816681,0.041997991502285004,0.010704764164984226
C:\Users\gunn\Desktop\work\appleleaf\data\external_classification\kashmir\APPLE ROT LEAVES\2014.jpg.jpeg,APPLE ROT LEAVES/2014.jpg.jpeg,APPLE ROT LEAVES,Apple___Black_rot,1,04a1f251d5e16475bec31971c8191be79b58afcda250b093ec85e32eff5fbd3a,Apple___Black_rot,Apple___Apple_scab,0.543712317943573,False,0.543712317943573,0.41895538568496704,0.0050175730139017105,0.03231479600071907
C:\Users\gunn\Desktop\work\appleleaf\data\external_classification\kashmir\APPLE ROT LEAVES\2015.jpg.jpeg,APPLE ROT LEAVES/2015.jpg.jpeg,APPLE ROT LEAVES,Apple___Black_rot,1,b0ac9dce52d9777106e1c9a651ce3a099f9487c395558c8109c66aca2b3847c9,Apple___Black_rot,Apple___Apple_scab,0.4149113893508911,False,0.4149113893508911,0.3713454008102417,0.0337730310857296,0.17997021973133087
C:\Users\gunn\Desktop\work\appleleaf\data\external_classification\kashmir\APPLE ROT LEAVES\2016.jpg.jpeg,APPLE ROT LEAVES/2016.jpg.jpeg,APPLE ROT LEAVES,Apple___Black_rot,1,816b6ca54a8c45368a12fd931b07715d9874e789a80d72fb524426c9b26bf344,Apple___Black_rot,Apple___healthy,0.6566107273101807,False,0.25599241256713867,0.08001406490802765,0.007382754236459732,0.6566107273101807
C:\Users\gunn\Desktop\work\appleleaf\data\external_classification\kashmir\APPLE ROT LEAVES\2018.jpg.jpeg,APPLE ROT LEAVES/2018.jpg.jpeg,APPLE ROT LEAVES,Apple___Black_rot,1,ea6cbba3f6c8ed3499e14d161f4f096d9048dcbc59d7ee99b96854971399925d,Apple___Black_rot,Apple___Apple_scab,0.5394600033760071,False,0.5394600033760071,0.23074713349342346,0.19663043320178986,0.03316239267587662
C:\Users\gunn\Desktop\work\appleleaf\data\external_classification\kashmir\APPLE ROT LEAVES\2023.jpg.jpeg,APPLE ROT LEAVES/2023.jpg.jpeg,APPLE ROT LEAVES,Apple___Black_rot,1,925a578257c5f3a04e4dcde3a5873d1bc7d4a0d97f8a0bd205bd7ea25c01c2c0,Apple___Black_rot,Apple___Cedar_apple_rust,0.44269442558288574,False,0.09897718578577042,0.07935399562120438,0.44269442558288574,0.37897443771362305
C:\Users\gunn\Desktop\work\appleleaf\data\external_classification\kashmir\APPLE ROT LEAVES\2024.jpg.jpeg,APPLE ROT LEAVES/2024.jpg.jpeg,APPLE ROT LEAVES,Apple___Black_rot,1,5b7d24acd5e993df5a199309a0b22264b8e6ea767c5acf69d647a71816b08b38,Apple___Black_rot,Apple___healthy,0.5349907279014587,False,0.06308271735906601,0.13892067968845367,0.2630058526992798,0.5349907279014587
C:\Users\gunn\Desktop\work\appleleaf\data\external_classification\kashmir\APPLE ROT LEAVES\2026.jpg.jpeg,APPLE ROT LEAVES/2026.jpg.jpeg,APPLE ROT LEAVES,Apple___Black_rot,1,7f524d8f52039427c89078980b050b9b034120d0d6acf95dc1e817af386e3b2a,Apple___Black_rot,Apple___Apple_scab,0.38168707489967346,False,0.38168707489967346,0.03058818355202675,0.23236224055290222,0.35536250472068787
C:\Users\gunn\Desktop\work\appleleaf\data\external_classification\kashmir\APPLE ROT LEAVES\2028.jpg.jpeg,APPLE ROT LEAVES/2028.jpg.jpeg,APPLE ROT LEAVES,Apple___Black_rot,1,7624dbe643b7d856517815537831b74efde01f9bf3db1fa6e029d31392c08819,Apple___Black_rot,Apple___Cedar_apple_rust,0.4610207974910736,False,0.20943588018417358,0.1967202126979828,0.4610207974910736,0.13282310962677002
C:\Users\gunn\Desktop\work\appleleaf\data\external_classification\kashmir\APPLE ROT LEAVES\2029.jpg.jpeg,APPLE ROT LEAVES/2029.jpg.jpeg,APPLE ROT LEAVES,Apple___Black_rot,1,947a55ddd8321bec2e2d0312c8dc4796a3a877fd2dd1571e6dc818c4caeca9bc,Apple___Black_rot,Apple___Cedar_apple_rust,0.4486021101474762,False,0.1274465173482895,0.04733286798000336,0.4486021101474762,0.37661856412887573
C:\Users\gunn\Desktop\work\appleleaf\data\external_classification\kashmir\APPLE ROT LEAVES\2031.jpg.jpeg,APPLE ROT LEAVES/2031.jpg.jpeg,APPLE ROT LEAVES,Apple___Black_rot,1,620390e55ef982076d097218160f577fb7bce59f988f8fe7ee267939cee067b1,Apple___Black_rot,Apple___healthy,0.6765256524085999,False,0.11102224886417389,0.10972847789525986,0.1027236357331276,0.6765256524085999
C:\Users\gunn\Desktop\work\appleleaf\data\external_classification\kashmir\APPLE ROT LEAVES\2032.jpg.jpeg,APPLE ROT LEAVES/2032.jpg.jpeg,APPLE ROT LEAVES,Apple___Black_rot,1,a59b40abcfc9c117ed7b618e43a4879683fd5083a99d523f2579b9a7ea86142b,Apple___Black_rot,Apple___healthy,0.4997462034225464,False,0.12009451538324356,0.09142667055130005,0.28873252868652344,0.4997462034225464
C:\Users\gunn\Desktop\work\appleleaf\data\external_classification\kashmir\APPLE ROT LEAVES\2034.jpg.jpeg,APPLE ROT LEAVES/2034.jpg.jpeg,APPLE ROT LEAVES,Apple___Black_rot,1,e3d2b656e7a7a09e3668e0105282c94002deab2fd4ee37b8f275b1c52e60f3c3,Apple___Black_rot,Apple___healthy,0.5068820118904114,False,0.06843585520982742,0.13883617520332336,0.28584593534469604,0.5068820118904114
C:\Users\gunn\Desktop\work\appleleaf\data\external_classification\kashmir\APPLE ROT LEAVES\2035.jpg.jpeg,APPLE ROT LEAVES/2035.jpg.jpeg,APPLE ROT LEAVES,Apple___Black_rot,1,99ada920e3f20dd14c2c73d368fc096d298190779427ef72232f44b24ad66f8f,Apple___Black_rot,Apple___healthy,0.6424710154533386,False,0.12813463807106018,0.08515486121177673,0.14423945546150208,0.6424710154533386
C:\Users\gunn\Desktop\work\appleleaf\data\external_classification\kashmir\APPLE ROT LEAVES\2037.jpg.jpeg,APPLE ROT LEAVES/2037.jpg.jpeg,APPLE ROT LEAVES,Apple___Black_rot,1,51c45e9ebe41ac866e957b838cc3433b0f7a13deca7150c6c43689836ca03f2f,Apple___Black_rot,Apple___healthy,0.39947617053985596,False,0.12400896847248077,0.07772364467382431,0.39879128336906433,0.39947617053985596
C:\Users\gunn\Desktop\work\appleleaf\data\external_classification\kashmir\APPLE ROT LEAVES\2040.jpg.jpeg,APPLE ROT LEAVES/2040.jpg.jpeg,APPLE ROT LEAVES,Apple___Black_rot,1,a6656f33c24d520a079b599b3f8b065aa4f3c761e6287b6e919ca8e990fcd291,Apple___Black_rot,Apple___healthy,0.6567071676254272,False,0.048837319016456604,0.19585785269737244,0.09859760105609894,0.6567071676254272
C:\Users\gunn\Desktop\work\appleleaf\data\external_classification\kashmir\APPLE ROT LEAVES\2046.jpg.jpeg,APPLE ROT LEAVES/2046.jpg.jpeg,APPLE ROT LEAVES,Apple___Black_rot,1,9c1dece59b1ca4c2176c9f5c3cbc40c3e2539578866bb03b25412790b378d46c,Apple___Black_rot,Apple___healthy,0.5009872913360596,False,0.082059346139431,0.17621923983097076,0.24073414504528046,0.5009872913360596
C:\Users\gunn\Desktop\work\appleleaf\data\external_classification\kashmir\APPLE ROT LEAVES\2049.jpg.jpeg,APPLE ROT LEAVES/2049.jpg.jpeg,APPLE ROT LEAVES,Apple___Black_rot,1,53aaba7561385a3cea7bfd8502f9ca52b2b6b4655257bbc13ffec0ef2c8f07b5,Apple___Black_rot,Apple___Black_rot,0.3617445230484009,True,0.16773423552513123,0.3617445230484009,0.1995968073606491,0.27092447876930237
C:\Users\gunn\Desktop\work\appleleaf\data\external_classification\kashmir\APPLE ROT LEAVES\2060.jpg.jpeg,APPLE ROT LEAVES/2060.jpg.jpeg,APPLE ROT LEAVES,Apple___Black_rot,1,79bde582c7fd8b92d38fa6ef0863175d4ad428b6bc4ad16c710cfa87155b825b,Apple___Black_rot,Apple___healthy,0.6804117560386658,False,0.16124321520328522,0.15811015665531158,0.0002348530979361385,0.6804117560386658
C:\Users\gunn\Desktop\work\appleleaf\data\external_classification\kashmir\APPLE ROT LEAVES\2098.jpg.jpeg,APPLE ROT LEAVES/2098.jpg.jpeg,APPLE ROT LEAVES,Apple___Black_rot,1,90fe7fee441e7b606e216d2ae120b95e5f72ec987ecc2314ff7523f84bdc9556,Apple___Black_rot,Apple___healthy,0.9716623425483704,False,0.027036327868700027,0.0011934434296563268,0.00010789736552396789,0.9716623425483704
C:\Users\gunn\Desktop\work\appleleaf\data\external_classification\kashmir\APPLE ROT LEAVES\3005.jpg.jpeg,APPLE ROT LEAVES/3005.jpg.jpeg,APPLE ROT LEAVES,Apple___Black_rot,1,51c94f86ecec5f6b9ebeb321dce1c3f6ed84b178bd26414e2c8de696e6e9de6c,Apple___Black_rot,Apple___healthy,0.9699923992156982,False,0.02898293547332287,0.000970036257058382,5.4652577091474086e-05,0.9699923992156982
C:\Users\gunn\Desktop\work\appleleaf\data\external_classification\kashmir\APPLE ROT LEAVES\3007.jpg.jpeg,APPLE ROT LEAVES/3007.jpg.jpeg,APPLE ROT LEAVES,Apple___Black_rot,1,59c464c478a7f3d01af63db55ab30815e10c392079c3481d3e107a83dbb54ba1,Apple___Black_rot,Apple___healthy,0.9496938586235046,False,0.04507914558053017,0.00458918372169137,0.0006378000834956765,0.9496938586235046
C:\Users\gunn\Desktop\work\appleleaf\data\external_classification\kashmir\APPLE ROT LEAVES\3008.jpg.jpeg,APPLE ROT LEAVES/3008.jpg.jpeg,APPLE ROT LEAVES,Apple___Black_rot,1,cede7272517049ad154d186a82f5b328d74fe9c9f26e1ca5fb4b9415e5bea1e8,Apple___Black_rot,Apple___healthy,0.962520182132721,False,0.02834451012313366,0.007704046089202166,0.0014312001876533031,0.962520182132721
C:\Users\gunn\Desktop\work\appleleaf\data\external_classification\kashmir\APPLE ROT LEAVES\3010.jpg.jpeg,APPLE ROT LEAVES/3010.jpg.jpeg,APPLE ROT LEAVES,Apple___Black_rot,1,69a8dedeb4c5a8331cfb25ad241baab88925357d1a1028fd9306295b45d832d9,Apple___Black_rot,Apple___healthy,0.9281604886054993,False,0.06164708733558655,0.00966785941272974,0.0005244974163360894,0.9281604886054993
C:\Users\gunn\Desktop\work\appleleaf\data\external_classification\kashmir\APPLE ROT LEAVES\3027.JPG.jpeg,APPLE ROT LEAVES/3027.JPG.jpeg,APPLE ROT LEAVES,Apple___Black_rot,1,1d3d0aa04ae19dc8a534724bce68b1d47f84bd00d151e4c3e3400b124c9060aa,Apple___Black_rot,Apple___Black_rot,0.3833090662956238,True,0.34177282452583313,0.3833090662956238,0.03418274223804474,0.24073532223701477
C:\Users\gunn\Desktop\work\appleleaf\data\external_classification\kashmir\APPLE ROT LEAVES\3031.JPG.jpeg,APPLE ROT LEAVES/3031.JPG.jpeg,APPLE ROT LEAVES,Apple___Black_rot,1,8ce60f5befd63bbf62032ce20b89b67309a9c2d7d943ac102bb297c0e035d237,Apple___Black_rot,Apple___healthy,0.8640224933624268,False,0.13341766595840454,0.002408751752227545,0.0001510958536528051,0.8640224933624268
C:\Users\gunn\Desktop\work\appleleaf\data\external_classification\kashmir\APPLE ROT LEAVES\3032.JPG.jpeg,APPLE ROT LEAVES/3032.JPG.jpeg,APPLE ROT LEAVES,Apple___Black_rot,1,9dc5a16a9d7e95cca90e631c57e036057e81ea3969e122b3a47ec0d7c22e08d9,Apple___Black_rot,Apple___healthy,0.8675088882446289,False,0.04588734358549118,0.04376953840255737,0.04283427447080612,0.8675088882446289
C:\Users\gunn\Desktop\work\appleleaf\data\external_classification\kashmir\APPLE ROT LEAVES\3096.jpg.jpeg,APPLE ROT LEAVES/3096.jpg.jpeg,APPLE ROT LEAVES,Apple___Black_rot,1,309603248455e434f83e4a352a10a7aa13cb04ba2f270243beb69f3fe4759eb1,Apple___Black_rot,Apple___healthy,0.6903461813926697,False,0.04269304871559143,0.11510923504829407,0.15185147523880005,0.6903461813926697
C:\Users\gunn\Desktop\work\appleleaf\data\external_classification\kashmir\APPLE ROT LEAVES\4009.jpg.jpeg,APPLE ROT LEAVES/4009.jpg.jpeg,APPLE ROT LEAVES,Apple___Black_rot,1,5f469e5e75b2aeb7bccfd2dd3310e736417ecda1491d1ea7f6a34bbf77bdd50e,Apple___Black_rot,Apple___healthy,0.4349997341632843,False,0.2112414687871933,0.22199860215187073,0.13176022469997406,0.4349997341632843
C:\Users\gunn\Desktop\work\appleleaf\data\external_classification\kashmir\APPLE ROT LEAVES\4010.jpg.jpeg,APPLE ROT LEAVES/4010.jpg.jpeg,APPLE ROT LEAVES,Apple___Black_rot,1,59c1d869214c03d45e4310ea086f041162a442d7fd84b396aa307e36273bd84c,Apple___Black_rot,Apple___Apple_scab,0.8514682054519653,False,0.8514682054519653,0.07270519435405731,0.002807455835863948,0.07301902770996094
C:\Users\gunn\Desktop\work\appleleaf\data\external_classification\kashmir\APPLE ROT LEAVES\4012.jpg.jpeg,APPLE ROT LEAVES/4012.jpg.jpeg,APPLE ROT LEAVES,Apple___Black_rot,1,810828bb2b68ac8f2c10cbe061e4d694be5a84fae3ef16c3745c117d93e098b0,Apple___Black_rot,Apple___healthy,0.9687299132347107,False,0.03077857568860054,0.00044982010149396956,4.170072134002112e-05,0.9687299132347107
C:\Users\gunn\Desktop\work\appleleaf\data\external_classification\kashmir\APPLE ROT LEAVES\4013.jpg.jpeg,APPLE ROT LEAVES/4013.jpg.jpeg,APPLE ROT LEAVES,Apple___Black_rot,1,9af93537d5f5315f0c1c0962577edf8df69defd4df56fd1cf095974619df9ac6,Apple___Black_rot,Apple___healthy,0.9097484946250916,False,0.0588076151907444,0.022404078394174576,0.00903984997421503,0.9097484946250916
C:\Users\gunn\Desktop\work\appleleaf\data\external_classification\kashmir\APPLE ROT LEAVES\4014.jpg.jpeg,APPLE ROT LEAVES/4014.jpg.jpeg,APPLE ROT LEAVES,Apple___Black_rot,1,fd2aada4220e09e7f5b7e5717574846ab7df8a81f93ab79762492f1844181dd9,Apple___Black_rot,Apple___healthy,0.868859052658081,False,0.1307874619960785,0.0003497903817333281,3.7362081002356717e-06,0.868859052658081
C:\Users\gunn\Desktop\work\appleleaf\data\external_classification\kashmir\APPLE ROT LEAVES\4015.jpg.jpeg,APPLE ROT LEAVES/4015.jpg.jpeg,APPLE ROT LEAVES,Apple___Black_rot,1,cfb74de6f7451b0ae880641b6c52aca222bb44b000ed0ede3fac545f82c46e83,Apple___Black_rot,Apple___Apple_scab,0.9526913166046143,False,0.9526913166046143,0.03313327208161354,0.011706440709531307,0.0024690236896276474
C:\Users\gunn\Desktop\work\appleleaf\data\external_classification\kashmir\APPLE ROT LEAVES\4016.jpg.jpeg,APPLE ROT LEAVES/4016.jpg.jpeg,APPLE ROT LEAVES,Apple___Black_rot,1,9bd0cb9c77861eea50d5a2412c0d4d7834e9a9637e8e59e7e8fe33fb7905a79b,Apple___Black_rot,Apple___Apple_scab,0.5483087301254272,False,0.5483087301254272,0.07771874219179153,0.008342653512954712,0.3656298816204071
C:\Users\gunn\Desktop\work\appleleaf\data\external_classification\kashmir\APPLE ROT LEAVES\4026.jpg.jpeg,APPLE ROT LEAVES/4026.jpg.jpeg,APPLE ROT LEAVES,Apple___Black_rot,1,90839afd02a884093a5eb0b760cb06bab16c3ff801f552da5bf365a9f97dfa5e,Apple___Black_rot,Apple___healthy,0.9534792304039001,False,0.046187713742256165,0.0003070061793550849,2.608103932288941e-05,0.9534792304039001
C:\Users\gunn\Desktop\work\appleleaf\data\external_classification\kashmir\APPLE ROT LEAVES\4028.jpg.jpeg,APPLE ROT LEAVES/4028.jpg.jpeg,APPLE ROT LEAVES,Apple___Black_rot,1,dbeba38dbc2ca4def868d5c69a8d3a93efeed9b2eb10aa5679cc55eb29a9da86,Apple___Black_rot,Apple___healthy,0.8227933645248413,False,0.17461606860160828,0.0024348178412765265,0.00015571076073683798,0.8227933645248413
C:\Users\gunn\Desktop\work\appleleaf\data\external_classification\kashmir\APPLE ROT LEAVES\4029.jpg.jpeg,APPLE ROT LEAVES/4029.jpg.jpeg,APPLE ROT LEAVES,Apple___Black_rot,1,837c0a5658c2f5f4e7d6f2a1952efc4be2265b0a587d8da61f59c49f2b73a611,Apple___Black_rot,Apple___Apple_scab,0.6883867979049683,False,0.6883867979049683,0.0103383157402277,0.00043706202995963395,0.30083778500556946
C:\Users\gunn\Desktop\work\appleleaf\data\external_classification\kashmir\APPLE ROT LEAVES\4031.jpg.jpeg,APPLE ROT LEAVES/4031.jpg.jpeg,APPLE ROT LEAVES,Apple___Black_rot,1,cfdca254aab9922bafef17350ac71ad2fee81dd9d34cdef268fcf0ed47c5177b,Apple___Black_rot,Apple___Cedar_apple_rust,0.5920567512512207,False,0.3825101852416992,0.015018177218735218,0.5920567512512207,0.010414858348667622
C:\Users\gunn\Desktop\work\appleleaf\data\external_classification\kashmir\APPLE ROT LEAVES\4034.jpg.jpeg,APPLE ROT LEAVES/4034.jpg.jpeg,APPLE ROT LEAVES,Apple___Black_rot,1,beb8f9ffe086e0e068d787b0516e65480dbea978caa6358a7173aa522568f6aa,Apple___Black_rot,Apple___healthy,0.9329559206962585,False,0.06680947542190552,0.0002289733529323712,5.608710580418119e-06,0.9329559206962585
C:\Users\gunn\Desktop\work\appleleaf\data\external_classification\kashmir\APPLE ROT LEAVES\4036.jpg.jpeg,APPLE ROT LEAVES/4036.jpg.jpeg,APPLE ROT LEAVES,Apple___Black_rot,1,8a0e58fd057b0d9eec06561a6e39f8f66451e9cf834a6871bbc1d03bb8bbfcd9,Apple___Black_rot,Apple___healthy,0.9594765901565552,False,0.040166422724723816,0.00033679394982755184,2.013229277508799e-05,0.9594765901565552
C:\Users\gunn\Desktop\work\appleleaf\data\external_classification\kashmir\APPLE ROT LEAVES\4038.jpg.jpeg,APPLE ROT LEAVES/4038.jpg.jpeg,APPLE ROT LEAVES,Apple___Black_rot,1,4f36e57da6267a5028bbd507cb1a591c6b78858cebe4af00cb0085cf075632be,Apple___Black_rot,Apple___healthy,0.9658204317092896,False,0.03251449018716812,0.0014020268572494388,0.00026312671252526343,0.9658204317092896
C:\Users\gunn\Desktop\work\appleleaf\data\external_classification\kashmir\APPLE ROT LEAVES\4041.jpg.jpeg,APPLE ROT LEAVES/4041.jpg.jpeg,APPLE ROT LEAVES,Apple___Black_rot,1,45dfc133959edba91a10b1b22cc435c36a9c5057e8585c7cece20b37a8fecbf0,Apple___Black_rot,Apple___healthy,0.9202239513397217,False,0.07355871796607971,0.005107313860207796,0.0011100065894424915,0.9202239513397217
C:\Users\gunn\Desktop\work\appleleaf\data\external_classification\kashmir\APPLE ROT LEAVES\4042.jpg.jpeg,APPLE ROT LEAVES/4042.jpg.jpeg,APPLE ROT LEAVES,Apple___Black_rot,1,307ae505265323bcf68505e2f899219e1f40076c2bd3a2ddb906e07a61ae0430,Apple___Black_rot,Apple___Apple_scab,0.8083856105804443,False,0.8083856105804443,0.09024514257907867,0.09549272060394287,0.005876442883163691
C:\Users\gunn\Desktop\work\appleleaf\data\external_classification\kashmir\APPLE ROT LEAVES\4043.jpg.jpeg,APPLE ROT LEAVES/4043.jpg.jpeg,APPLE ROT LEAVES,Apple___Black_rot,1,e706e3fde35a7e6891128adcf1dd58662971c207c7dce701fec1ab7c1e154796,Apple___Black_rot,Apple___healthy,0.9332549571990967,False,0.06587303429841995,0.0007861972553655505,8.582841110182926e-05,0.9332549571990967
C:\Users\gunn\Desktop\work\appleleaf\data\external_classification\kashmir\APPLE ROT LEAVES\4048.jpg.jpeg,APPLE ROT LEAVES/4048.jpg.jpeg,APPLE ROT LEAVES,Apple___Black_rot,1,c1177d0483c397193cf3f3f160ff5c2590cd95a6d68e26408314e05128e8cb47,Apple___Black_rot,Apple___healthy,0.9609540700912476,False,0.03463893383741379,0.003419821849092841,0.0009871439542621374,0.9609540700912476
C:\Users\gunn\Desktop\work\appleleaf\data\external_classification\kashmir\APPLE ROT LEAVES\4049.jpg.jpeg,APPLE ROT LEAVES/4049.jpg.jpeg,APPLE ROT LEAVES,Apple___Black_rot,1,336287e9ae42c39df139428151f7a5b0299aa9aec256ff5e4c7ecf1115453897,Apple___Black_rot,Apple___healthy,0.903736412525177,False,0.0960778146982193,0.00018241947691421956,3.3496253308840096e-06,0.903736412525177
C:\Users\gunn\Desktop\work\appleleaf\data\external_classification\kashmir\APPLE ROT LEAVES\4054.jpg.jpeg,APPLE ROT LEAVES/4054.jpg.jpeg,APPLE ROT LEAVES,Apple___Black_rot,1,5ed29ca97a25cce9307b69c1a063c78d1f59451d0c59d189f6b8997925a1091b,Apple___Black_rot,Apple___Cedar_apple_rust,0.7321668863296509,False,0.11823204159736633,0.008071893826127052,0.7321668863296509,0.1415291428565979
C:\Users\gunn\Desktop\work\appleleaf\data\external_classification\kashmir\APPLE ROT LEAVES\4055.jpg.jpeg,APPLE ROT LEAVES/4055.jpg.jpeg,APPLE ROT LEAVES,Apple___Black_rot,1,ad2659bac38dd5becfeb9df5f69aaba84ec77ca2a093fe94da2030d0a75d11c4,Apple___Black_rot,Apple___Cedar_apple_rust,0.4519895613193512,False,0.04158591106534004,0.06020059436559677,0.4519895613193512,0.4462239146232605
C:\Users\gunn\Desktop\work\appleleaf\data\external_classification\kashmir\APPLE ROT LEAVES\4056.jpg.jpeg,APPLE ROT LEAVES/4056.jpg.jpeg,APPLE ROT LEAVES,Apple___Black_rot,1,ebe9406fcb2b4b32d40b95997be021173b8da0c6eb8a1aaff7d39f7b3858b067,Apple___Black_rot,Apple___healthy,0.4617237448692322,False,0.06111270189285278,0.0417909175157547,0.4353727102279663,0.4617237448692322
C:\Users\gunn\Desktop\work\appleleaf\data\external_classification\kashmir\APPLE ROT LEAVES\4057.jpg.jpeg,APPLE ROT LEAVES/4057.jpg.jpeg,APPLE ROT LEAVES,Apple___Black_rot,1,96373a867f4f6b22cb8a6d9512a560b789cd3241f9befa72490361761dd6489a,Apple___Black_rot,Apple___Cedar_apple_rust,0.5812718868255615,False,0.05356302857398987,0.03721915930509567,0.5812718868255615,0.32794591784477234
C:\Users\gunn\Desktop\work\appleleaf\data\external_classification\kashmir\APPLE ROT LEAVES\4058.jpg.jpeg,APPLE ROT LEAVES/4058.jpg.jpeg,APPLE ROT LEAVES,Apple___Black_rot,1,0ba794f3992ee5906e5b01f1854782619b707dab4e19713ab406ce7b35903783,Apple___Black_rot,Apple___Cedar_apple_rust,0.48558780550956726,False,0.07716436684131622,0.03447027876973152,0.48558780550956726,0.4027774930000305
C:\Users\gunn\Desktop\work\appleleaf\data\external_classification\kashmir\APPLE ROT LEAVES\4061.jpg.jpeg,APPLE ROT LEAVES/4061.jpg.jpeg,APPLE ROT LEAVES,Apple___Black_rot,1,98092aab92ca90dddc021c04eef6d854f2c2e8ec8476bdda8ae8af9696455997,Apple___Black_rot,Apple___Cedar_apple_rust,0.5253021717071533,False,0.05830764025449753,0.04192683473229408,0.5253021717071533,0.37446337938308716
C:\Users\gunn\Desktop\work\appleleaf\data\external_classification\kashmir\APPLE ROT LEAVES\4068.jpg.jpeg,APPLE ROT LEAVES/4068.jpg.jpeg,APPLE ROT LEAVES,Apple___Black_rot,1,fd8889909bed6b38659190ac52c758c88fb0128db6e2476fdeca14132d691ebf,Apple___Black_rot,Apple___healthy,0.5345224738121033,False,0.04156852886080742,0.049724288284778595,0.37418466806411743,0.5345224738121033
C:\Users\gunn\Desktop\work\appleleaf\data\external_classification\kashmir\APPLE ROT LEAVES\4072.jpg.jpeg,APPLE ROT LEAVES/4072.jpg.jpeg,APPLE ROT LEAVES,Apple___Black_rot,1,97b850990c3a94d61f530b514c50f3cde59b50f083f286b267fd39daaf724b1f,Apple___Black_rot,Apple___Cedar_apple_rust,0.5778708457946777,False,0.054226361215114594,0.03460192307829857,0.5778708457946777,0.3333008587360382
C:\Users\gunn\Desktop\work\appleleaf\data\external_classification\kashmir\APPLE ROT LEAVES\4073.jpg.jpeg,APPLE ROT LEAVES/4073.jpg.jpeg,APPLE ROT LEAVES,Apple___Black_rot,1,361cbefe49cd5f8d4063b34ebcd7ce8431d2367fbbf856ea3ec437a6b16635c1,Apple___Black_rot,Apple___healthy,0.5569350719451904,False,0.039263736456632614,0.08558780699968338,0.31821346282958984,0.5569350719451904
C:\Users\gunn\Desktop\work\appleleaf\data\external_classification\kashmir\APPLE ROT LEAVES\4074.jpg.jpeg,APPLE ROT LEAVES/4074.jpg.jpeg,APPLE ROT LEAVES,Apple___Black_rot,1,afc7e65d05d0e8f9fb8e539f7e6f08453262e54b2130a1bfd453c2cd96e6cfcd,Apple___Black_rot,Apple___healthy,0.5496888756752014,False,0.03800424188375473,0.08702448755502701,0.32528239488601685,0.5496888756752014
C:\Users\gunn\Desktop\work\appleleaf\data\external_classification\kashmir\APPLE ROT LEAVES\4075.jpg.jpeg,APPLE ROT LEAVES/4075.jpg.jpeg,APPLE ROT LEAVES,Apple___Black_rot,1,70f15ef5f39cc94739a5b2453177f8a502716015f55cc5d63d52e1d875fcefd9,Apple___Black_rot,Apple___Cedar_apple_rust,0.5394037961959839,False,0.04825328662991524,0.04022800549864769,0.5394037961959839,0.37211495637893677
C:\Users\gunn\Desktop\work\appleleaf\data\external_classification\kashmir\APPLE ROT LEAVES\4079.jpg.jpeg,APPLE ROT LEAVES/4079.jpg.jpeg,APPLE ROT LEAVES,Apple___Black_rot,1,c0eb42777ed362abb8de4ec2da6e2b956d5566a150e0d002cdc336ccd7a3a04c,Apple___Black_rot,Apple___Cedar_apple_rust,0.6549712419509888,False,0.06129661574959755,0.023312773555517197,0.6549712419509888,0.2604193091392517
C:\Users\gunn\Desktop\work\appleleaf\data\external_classification\kashmir\APPLE ROT LEAVES\4080.jpg.jpeg,APPLE ROT LEAVES/4080.jpg.jpeg,APPLE ROT LEAVES,Apple___Black_rot,1,3258645aca26af07a8c5911ee8b3b1a7c4fa7f407015c2bc38ece2d4be42aff2,Apple___Black_rot,Apple___Cedar_apple_rust,0.5897144675254822,False,0.06379401683807373,0.03919908031821251,0.5897144675254822,0.3072924017906189
C:\Users\gunn\Desktop\work\appleleaf\data\external_classification\kashmir\APPLE ROT LEAVES\4082.jpg.jpeg,APPLE ROT LEAVES/4082.jpg.jpeg,APPLE ROT LEAVES,Apple___Black_rot,1,625380d963628bdfe32f5cfe1a8fca89a4ae8661e77f3e1c6d7a0cbade80b649,Apple___Black_rot,Apple___healthy,0.45838597416877747,False,0.049263957887887955,0.043658219277858734,0.4486919343471527,0.45838597416877747
C:\Users\gunn\Desktop\work\appleleaf\data\external_classification\kashmir\APPLE ROT LEAVES\4084.jpg.jpeg,APPLE ROT LEAVES/4084.jpg.jpeg,APPLE ROT LEAVES,Apple___Black_rot,1,65018e17f96d46d8f8158747de1a8da40e8a4171cefada2547f0dd3b0fa557c9,Apple___Black_rot,Apple___Cedar_apple_rust,0.5459190011024475,False,0.08037036657333374,0.02848696894943714,0.5459190011024475,0.345223605632782
C:\Users\gunn\Desktop\work\appleleaf\data\external_classification\kashmir\APPLE ROT LEAVES\4085.JPG.jpeg,APPLE ROT LEAVES/4085.JPG.jpeg,APPLE ROT LEAVES,Apple___Black_rot,1,0b4f4960339a5e53f931df398d072485bbb36adcc64d757635c6231060459fd5,Apple___Black_rot,Apple___Cedar_apple_rust,0.47778812050819397,False,0.06449349224567413,0.05107305198907852,0.47778812050819397,0.40664538741111755
C:\Users\gunn\Desktop\work\appleleaf\data\external_classification\kashmir\APPLE ROT LEAVES\4092.jpg.jpeg,APPLE ROT LEAVES/4092.jpg.jpeg,APPLE ROT LEAVES,Apple___Black_rot,1,6bb6e650c45b054853c5fc5ccf78391a9c653f09aece0a20e0b0c610b47cfecb,Apple___Black_rot,Apple___healthy,0.5385819673538208,False,0.04054294899106026,0.06786558032035828,0.3530094623565674,0.5385819673538208
C:\Users\gunn\Desktop\work\appleleaf\data\external_classification\kashmir\APPLE ROT LEAVES\4093.jpg.jpeg,APPLE ROT LEAVES/4093.jpg.jpeg,APPLE ROT LEAVES,Apple___Black_rot,1,57126e1a69dde1d9de114625de1b62aa534c54487f018f8a75dbe5a09a3bae3b,Apple___Black_rot,Apple___healthy,0.48404720425605774,False,0.04356584697961807,0.06174817308783531,0.4106386601924896,0.48404720425605774
C:\Users\gunn\Desktop\work\appleleaf\data\external_classification\kashmir\APPLE ROT LEAVES\4094.jpg.jpeg,APPLE ROT LEAVES/4094.jpg.jpeg,APPLE ROT LEAVES,Apple___Black_rot,1,505b6cbc6f44f38de0a8227d9dd879649dd0c13fbb3acce168fe11001eeffa91,Apple___Black_rot,Apple___healthy,0.49114423990249634,False,0.06716858595609665,0.04000410810112953,0.40168312191963196,0.49114423990249634
C:\Users\gunn\Desktop\work\appleleaf\data\external_classification\kashmir\APPLE ROT LEAVES\5000.jpg.jpeg,APPLE ROT LEAVES/5000.jpg.jpeg,APPLE ROT LEAVES,Apple___Black_rot,1,3b16d946143fe6191ef932dade06a52b7553cae69530d733e8210c9b19b7045c,Apple___Black_rot,Apple___Cedar_apple_rust,0.520803689956665,False,0.056853413581848145,0.04459310695528984,0.520803689956665,0.3777497410774231
C:\Users\gunn\Desktop\work\appleleaf\data\external_classification\kashmir\APPLE ROT LEAVES\5007.jpg.jpeg,APPLE ROT LEAVES/5007.jpg.jpeg,APPLE ROT LEAVES,Apple___Black_rot,1,a6c0213be133807d5c11d16e1a5376e7321dbf9b85c44fbe5a3121e537888322,Apple___Black_rot,Apple___healthy,0.5428460836410522,False,0.042279817163944244,0.04996313154697418,0.36491096019744873,0.5428460836410522
C:\Users\gunn\Desktop\work\appleleaf\data\external_classification\kashmir\APPLE ROT LEAVES\5013.jpg.jpeg,APPLE ROT LEAVES/5013.jpg.jpeg,APPLE ROT LEAVES,Apple___Black_rot,1,c1fbb96cf75859eee59acdff6ceb4ea73ab0dcfc717b2fb421bcc7f97ce859df,Apple___Black_rot,Apple___healthy,0.5557189583778381,False,0.038936782628297806,0.08590921759605408,0.31943508982658386,0.5557189583778381
C:\Users\gunn\Desktop\work\appleleaf\data\external_classification\kashmir\APPLE ROT LEAVES\5014.jpg.jpeg,APPLE ROT LEAVES/5014.jpg.jpeg,APPLE ROT LEAVES,Apple___Black_rot,1,c092c8de795d0191318d96b80d9d8cd6fbcb8869a06432afddeb4be0e9005aa4,Apple___Black_rot,Apple___healthy,0.5554118752479553,False,0.03928506001830101,0.08656470477581024,0.3187383711338043,0.5554118752479553
C:\Users\gunn\Desktop\work\appleleaf\data\external_classification\kashmir\APPLE ROT LEAVES\5019.jpg.jpeg,APPLE ROT LEAVES/5019.jpg.jpeg,APPLE ROT LEAVES,Apple___Black_rot,1,74c67460df67c61b816c6649570a84acb0b0e325f1904d653c6ff26f823c0306,Apple___Black_rot,Apple___Cedar_apple_rust,0.6558611989021301,False,0.05890984088182449,0.023123715072870255,0.6558611989021301,0.26210522651672363
C:\Users\gunn\Desktop\work\appleleaf\data\external_classification\kashmir\APPLE ROT LEAVES\5022.jpg.jpeg,APPLE ROT LEAVES/5022.jpg.jpeg,APPLE ROT LEAVES,Apple___Black_rot,1,5501524692b9f9a3e7ef2e139cbfdf23cf1c43b703acea849d6aed1b3cb34b12,Apple___Black_rot,Apple___healthy,0.7051559090614319,False,0.2925586998462677,0.002181595889851451,0.00010381660104030743,0.7051559090614319
C:\Users\gunn\Desktop\work\appleleaf\data\external_classification\kashmir\APPLE ROT LEAVES\5027.jpg.jpeg,APPLE ROT LEAVES/5027.jpg.jpeg,APPLE ROT LEAVES,Apple___Black_rot,1,5e54cf5c149b016326d9428e4f4adb7467776ac06eff9823511b5af6a8a00aa9,Apple___Black_rot,Apple___healthy,0.7875728011131287,False,0.15925872325897217,0.024576790630817413,0.028591729700565338,0.7875728011131287
C:\Users\gunn\Desktop\work\appleleaf\data\external_classification\kashmir\APPLE ROT LEAVES\5048.jpg.jpeg,APPLE ROT LEAVES/5048.jpg.jpeg,APPLE ROT LEAVES,Apple___Black_rot,1,29b5fc2848a46d9b4b10d8cfe212d3b7f8b775180cf5d0cdeb4c2cabdc3d1a1c,Apple___Black_rot,Apple___healthy,0.5970031023025513,False,0.05777651071548462,0.07043226063251495,0.2747880816459656,0.5970031023025513
C:\Users\gunn\Desktop\work\appleleaf\data\external_classification\kashmir\APPLE ROT LEAVES\5057.jpg.jpeg,APPLE ROT LEAVES/5057.jpg.jpeg,APPLE ROT LEAVES,Apple___Black_rot,1,eca5e4fe8df8de3236675be08d699231059504416438cf4de5c44cd7712215aa,Apple___Black_rot,Apple___Cedar_apple_rust,0.6970198750495911,False,0.21739579737186432,0.00795725267380476,0.6970198750495911,0.07762700319290161
C:\Users\gunn\Desktop\work\appleleaf\data\external_classification\kashmir\APPLE ROT LEAVES\5060.jpg.jpeg,APPLE ROT LEAVES/5060.jpg.jpeg,APPLE ROT LEAVES,Apple___Black_rot,1,ada8f6ef63ecd086e1084c48d1f151e2c80e583311dba3429fd597b3142ea646,Apple___Black_rot,Apple___healthy,0.6213716268539429,False,0.1754295378923416,0.05565303564071655,0.147545725107193,0.6213716268539429
C:\Users\gunn\Desktop\work\appleleaf\data\external_classification\kashmir\APPLE ROT LEAVES\5061.jpg.jpeg,APPLE ROT LEAVES/5061.jpg.jpeg,APPLE ROT LEAVES,Apple___Black_rot,1,cff8add9a4be37e9b217cee886956482ee084168c609592be08f868fec23ad2c,Apple___Black_rot,Apple___healthy,0.6552053689956665,False,0.15907932817935944,0.06002144142985344,0.1256938874721527,0.6552053689956665
C:\Users\gunn\Desktop\work\appleleaf\data\external_classification\kashmir\APPLE ROT LEAVES\5062.jpg.jpeg,APPLE ROT LEAVES/5062.jpg.jpeg,APPLE ROT LEAVES,Apple___Black_rot,1,e6e2099c925cfbcedf7c5f6a73d9c1cefa198c48a9f9d47f698e65300da1821b,Apple___Black_rot,Apple___healthy,0.7174068689346313,False,0.05573134496808052,0.04184018447995186,0.18502157926559448,0.7174068689346313
C:\Users\gunn\Desktop\work\appleleaf\data\external_classification\kashmir\APPLE ROT LEAVES\5064.jpg.jpeg,APPLE ROT LEAVES/5064.jpg.jpeg,APPLE ROT LEAVES,Apple___Black_rot,1,38007c3f16a76bf3d1aaf19bd1a24caa0f34f7659251217b17fe1d263dce3779,Apple___Black_rot,Apple___healthy,0.7200815677642822,False,0.15907920897006989,0.03176884353160858,0.0890703797340393,0.7200815677642822
C:\Users\gunn\Desktop\work\appleleaf\data\external_classification\kashmir\APPLE ROT LEAVES\5073.jpg.jpeg,APPLE ROT LEAVES/5073.jpg.jpeg,APPLE ROT LEAVES,Apple___Black_rot,1,c0baf2d739da20526fd35a48d4340e863fdf0703e7086396684227946365ea4c,Apple___Black_rot,Apple___healthy,0.6649021506309509,False,0.30516350269317627,0.023138921707868576,0.006795363966375589,0.6649021506309509
C:\Users\gunn\Desktop\work\appleleaf\data\external_classification\kashmir\APPLE ROT LEAVES\5075.jpg.jpeg,APPLE ROT LEAVES/5075.jpg.jpeg,APPLE ROT LEAVES,Apple___Black_rot,1,1b894d5f53a88b159cf02973e859d33c48391d5aaf52c5f0f8a27b23ffe4e4e8,Apple___Black_rot,Apple___healthy,0.6951122879981995,False,0.30167877674102783,0.0029611375648528337,0.00024785060668364167,0.6951122879981995
C:\Users\gunn\Desktop\work\appleleaf\data\external_classification\kashmir\APPLE ROT LEAVES\5085.jpg.jpeg,APPLE ROT LEAVES/5085.jpg.jpeg,APPLE ROT LEAVES,Apple___Black_rot,1,873ac4a558a62bc22144edc37e46d0bcfa7c03a73c16f087b8a221719cda1012,Apple___Black_rot,Apple___healthy,0.8786441087722778,False,0.10899771004915237,0.008036907762289047,0.004321219865232706,0.8786441087722778
C:\Users\gunn\Desktop\work\appleleaf\data\external_classification\kashmir\APPLE ROT LEAVES\5088.jpg.jpeg,APPLE ROT LEAVES/5088.jpg.jpeg,APPLE ROT LEAVES,Apple___Black_rot,1,952386ef6adad664c1abf62dace661d6d2175020e1260e1ed5bc51b2dd4b6469,Apple___Black_rot,Apple___healthy,0.8559248447418213,False,0.13201366364955902,0.0074354675598442554,0.0046260240487754345,0.8559248447418213
C:\Users\gunn\Desktop\work\appleleaf\data\external_classification\kashmir\APPLE ROT LEAVES\5094.jpg.jpeg,APPLE ROT LEAVES/5094.jpg.jpeg,APPLE ROT LEAVES,Apple___Black_rot,1,fc59251165116b3c1b460530bf59e03a6202c0bc17475a9ece7e2597ac0410ac,Apple___Black_rot,Apple___healthy,0.8324693441390991,False,0.16717547178268433,0.000336839904775843,1.836458977777511e-05,0.8324693441390991
C:\Users\gunn\Desktop\work\appleleaf\data\external_classification\kashmir\APPLE ROT LEAVES\WhatsApp Image 2022-07-04 at 7.37.35 PM (11).jpeg,APPLE ROT LEAVES/WhatsApp Image 2022-07-04 at 7.37.35 PM (11).jpeg,APPLE ROT LEAVES,Apple___Black_rot,1,44c4714f8f75b31e014103e446aaf134ed1d46209004a75bde4de842f4733b9a,Apple___Black_rot,Apple___healthy,0.46889528632164,False,0.06405704468488693,0.04040884971618652,0.42663878202438354,0.46889528632164
C:\Users\gunn\Desktop\work\appleleaf\data\external_classification\kashmir\APPLE ROT LEAVES\WhatsApp Image 2022-07-04 at 7.37.35 PM (12).jpeg,APPLE ROT LEAVES/WhatsApp Image 2022-07-04 at 7.37.35 PM (12).jpeg,APPLE ROT LEAVES,Apple___Black_rot,1,0609592a56364e148eeba3d2eb1fc51918f96f82cf2174726f3bae39da38fd2e,Apple___Black_rot,Apple___healthy,0.5016783475875854,False,0.045023612678050995,0.06061246618628502,0.39268556237220764,0.5016783475875854
C:\Users\gunn\Desktop\work\appleleaf\data\external_classification\kashmir\HEALTHY LEAVES\1001.jpg.jpeg,HEALTHY LEAVES/1001.jpg.jpeg,HEALTHY LEAVES,Apple___healthy,3,2a08be4530601af3a428e61168fe0327cc28c52eaa566786519a473a2ca603b9,Apple___healthy,Apple___healthy,0.6342691779136658,True,0.10256017744541168,0.23882371187210083,0.0243469700217247,0.6342691779136658
C:\Users\gunn\Desktop\work\appleleaf\data\external_classification\kashmir\HEALTHY LEAVES\1002.jpg.jpeg,HEALTHY LEAVES/1002.jpg.jpeg,HEALTHY LEAVES,Apple___healthy,3,7380f128808f22a7a2064584ac7fd2c7e584c5d2ba05564aed719d12602f446b,Apple___healthy,Apple___Black_rot,0.5843744277954102,False,0.17133022844791412,0.5843744277954102,0.0866347998380661,0.15766054391860962
C:\Users\gunn\Desktop\work\appleleaf\data\external_classification\kashmir\HEALTHY LEAVES\1003.JPG.jpeg,HEALTHY LEAVES/1003.JPG.jpeg,HEALTHY LEAVES,Apple___healthy,3,9f9eeb203ed0534058f91e20e148618c3484ca8be4cba8210e18f6a3af6397b5,Apple___healthy,Apple___healthy,0.7686979174613953,True,0.07912420481443405,0.12386134266853333,0.02831660769879818,0.7686979174613953
C:\Users\gunn\Desktop\work\appleleaf\data\external_classification\kashmir\HEALTHY LEAVES\1004.JPG.jpeg,HEALTHY LEAVES/1004.JPG.jpeg,HEALTHY LEAVES,Apple___healthy,3,5af8a17cae8134b2f0e65fad11c2eb558c55c665b6d695074c571a44fad01b64,Apple___healthy,Apple___Black_rot,0.4638993740081787,False,0.26514333486557007,0.4638993740081787,0.064893439412117,0.2060638666152954
C:\Users\gunn\Desktop\work\appleleaf\data\external_classification\kashmir\HEALTHY LEAVES\1005.JPG.jpeg,HEALTHY LEAVES/1005.JPG.jpeg,HEALTHY LEAVES,Apple___healthy,3,0e93c5b5e992409040a5a026aa27adfddcf914cfde28134ed2ef1f2ffa7b39a3,Apple___healthy,Apple___healthy,0.8728601932525635,True,0.09851766377687454,0.024877846240997314,0.0037442671600729227,0.8728601932525635
C:\Users\gunn\Desktop\work\appleleaf\data\external_classification\kashmir\HEALTHY LEAVES\1006.JPG.jpeg,HEALTHY LEAVES/1006.JPG.jpeg,HEALTHY LEAVES,Apple___healthy,3,da2b776213a69d01a185867ec67484fe3cf481d8768b677dc31352de62e45e35,Apple___healthy,Apple___healthy,0.6664696335792542,True,0.2893189787864685,0.04153304919600487,0.002678310265764594,0.6664696335792542
C:\Users\gunn\Desktop\work\appleleaf\data\external_classification\kashmir\HEALTHY LEAVES\1007.JPG.jpeg,HEALTHY LEAVES/1007.JPG.jpeg,HEALTHY LEAVES,Apple___healthy,3,3b2cc89bceb4640aacce93b40db05d02867b071f13ebe10a3d6dccaf1f373911,Apple___healthy,Apple___healthy,0.5761805772781372,True,0.3942541778087616,0.02934626303613186,0.00021898074191994965,0.5761805772781372
C:\Users\gunn\Desktop\work\appleleaf\data\external_classification\kashmir\HEALTHY LEAVES\1008.JPG.jpeg,HEALTHY LEAVES/1008.JPG.jpeg,HEALTHY LEAVES,Apple___healthy,3,71bbb2d0af92385a289dc58150cf18a4eb665c77508666f42100d3c63232f866,Apple___healthy,Apple___healthy,0.396415650844574,True,0.2421010136604309,0.3030567169189453,0.05842659994959831,0.396415650844574
C:\Users\gunn\Desktop\work\appleleaf\data\external_classification\kashmir\HEALTHY LEAVES\1009.JPG.jpeg,HEALTHY LEAVES/1009.JPG.jpeg,HEALTHY LEAVES,Apple___healthy,3,fcd651f58ec55705e29d8927f82a4ac2586e88fe30066121be757bf8e3491b56,Apple___healthy,Apple___healthy,0.49433955550193787,True,0.3278449773788452,0.16650262475013733,0.011312847957015038,0.49433955550193787
C:\Users\gunn\Desktop\work\appleleaf\data\external_classification\kashmir\HEALTHY LEAVES\1010.JPG.jpeg,HEALTHY LEAVES/1010.JPG.jpeg,HEALTHY LEAVES,Apple___healthy,3,03ee05ce9ad1d5aa842cd5bd47c2f8ffeefecb54ee43e65dba2eaf55b6244039,Apple___healthy,Apple___healthy,0.8097128868103027,True,0.13378559052944183,0.04829016327857971,0.008211304433643818,0.8097128868103027
C:\Users\gunn\Desktop\work\appleleaf\data\external_classification\kashmir\HEALTHY LEAVES\1014.JPG.jpeg,HEALTHY LEAVES/1014.JPG.jpeg,HEALTHY LEAVES,Apple___healthy,3,e87b24dd7e9236d0264dcf5d90835a43d96cb46e5ef055ac4bedea71f4fdd96d,Apple___healthy,Apple___healthy,0.5193304419517517,True,0.27086788415908813,0.1910315304994583,0.018770115450024605,0.5193304419517517
C:\Users\gunn\Desktop\work\appleleaf\data\external_classification\kashmir\HEALTHY LEAVES\1015.JPG.jpeg,HEALTHY LEAVES/1015.JPG.jpeg,HEALTHY LEAVES,Apple___healthy,3,4e84970d8d8105c2cbe65546dec9ed4decb73f45910feca71301526e45af113d,Apple___healthy,Apple___Apple_scab,0.7725479602813721,False,0.7725479602813721,0.1253034621477127,0.00044289292418397963,0.1017056554555893
C:\Users\gunn\Desktop\work\appleleaf\data\external_classification\kashmir\HEALTHY LEAVES\1018.JPG.jpeg,HEALTHY LEAVES/1018.JPG.jpeg,HEALTHY LEAVES,Apple___healthy,3,cb28edc6b30cdf76a56200a535cec65718cd6a1571903f301db4260317e17cff,Apple___healthy,Apple___healthy,0.5895583629608154,True,0.19702082872390747,0.1972765475511551,0.016144242137670517,0.5895583629608154
C:\Users\gunn\Desktop\work\appleleaf\data\external_classification\kashmir\HEALTHY LEAVES\1020.JPG.jpeg,HEALTHY LEAVES/1020.JPG.jpeg,HEALTHY LEAVES,Apple___healthy,3,24c9aa56d04d1c528e6afad0e4e3903e2222e4f649f0a13bc9bf570ca9a5bf64,Apple___healthy,Apple___healthy,0.45181241631507874,True,0.40856507420539856,0.1348094344139099,0.004813055507838726,0.45181241631507874
C:\Users\gunn\Desktop\work\appleleaf\data\external_classification\kashmir\HEALTHY LEAVES\1023.JPG.jpeg,HEALTHY LEAVES/1023.JPG.jpeg,HEALTHY LEAVES,Apple___healthy,3,717d068e38e382979eb14f192f2997231e79630cec848a8895ca2111950a7b7f,Apple___healthy,Apple___Black_rot,0.40833306312561035,False,0.36726847290992737,0.40833306312561035,0.028765501454472542,0.1956329494714737
C:\Users\gunn\Desktop\work\appleleaf\data\external_classification\kashmir\HEALTHY LEAVES\1024.JPG.jpeg,HEALTHY LEAVES/1024.JPG.jpeg,HEALTHY LEAVES,Apple___healthy,3,58c142c155b393311b315d63e6f74ce11b62729a5200301cb116683b21e3db9d,Apple___healthy,Apple___healthy,0.4920955300331116,True,0.41559964418411255,0.08567339181900024,0.0066314395517110825,0.4920955300331116
C:\Users\gunn\Desktop\work\appleleaf\data\external_classification\kashmir\HEALTHY LEAVES\1026.JPG.jpeg,HEALTHY LEAVES/1026.JPG.jpeg,HEALTHY LEAVES,Apple___healthy,3,b67a254155bd3c806a443e6f270bae9db6b3a9fcdb66c0992570bf9f73ec8e3f,Apple___healthy,Apple___healthy,0.6966615915298462,True,0.29233041405677795,0.010604549199342728,0.00040347062167711556,0.6966615915298462
C:\Users\gunn\Desktop\work\appleleaf\data\external_classification\kashmir\HEALTHY LEAVES\1032.JPG.jpeg,HEALTHY LEAVES/1032.JPG.jpeg,HEALTHY LEAVES,Apple___healthy,3,729938aa25959d93d776e1d3deba2ff3414e0e0df3bb0d5d171cfc3315cf0cda,Apple___healthy,Apple___Apple_scab,0.6600624322891235,False,0.6600624322891235,0.042570799589157104,7.479507621610537e-05,0.29729193449020386
C:\Users\gunn\Desktop\work\appleleaf\data\external_classification\kashmir\HEALTHY LEAVES\1034.JPG.jpeg,HEALTHY LEAVES/1034.JPG.jpeg,HEALTHY LEAVES,Apple___healthy,3,0dcc35d4d55dc9b0bc00c95b12fb7c20469bfd0dcbc73f93c1799a4e22e9b995,Apple___healthy,Apple___healthy,0.44138070940971375,True,0.27178898453712463,0.2673600912094116,0.01947024278342724,0.44138070940971375
C:\Users\gunn\Desktop\work\appleleaf\data\external_classification\kashmir\HEALTHY LEAVES\1035.JPG.jpeg,HEALTHY LEAVES/1035.JPG.jpeg,HEALTHY LEAVES,Apple___healthy,3,8b28bda48b6f050f2871f7496f9cf2d0a2a16d1b641fae78c34c8aaf7dd7fbfe,Apple___healthy,Apple___Apple_scab,0.509652853012085,False,0.509652853012085,0.0330963209271431,0.00027140413294546306,0.4569793939590454
C:\Users\gunn\Desktop\work\appleleaf\data\external_classification\kashmir\HEALTHY LEAVES\1039.JPG.jpeg,HEALTHY LEAVES/1039.JPG.jpeg,HEALTHY LEAVES,Apple___healthy,3,53ed1c9477486a1732ad381c1364820ee74c1bab62d2492edca682b4bea4c45f,Apple___healthy,Apple___Black_rot,0.37365883588790894,False,0.3703378140926361,0.37365883588790894,0.04682620242238045,0.20917712152004242
C:\Users\gunn\Desktop\work\appleleaf\data\external_classification\kashmir\HEALTHY LEAVES\1041.JPG.jpeg,HEALTHY LEAVES/1041.JPG.jpeg,HEALTHY LEAVES,Apple___healthy,3,ea2a304bb561051d17df8509206bd94290facec7453886d3390e31f43fe188d1,Apple___healthy,Apple___Black_rot,0.3568669557571411,False,0.27389028668403625,0.3568669557571411,0.11215890198945999,0.25708383321762085
C:\Users\gunn\Desktop\work\appleleaf\data\external_classification\kashmir\HEALTHY LEAVES\1043.JPG.jpeg,HEALTHY LEAVES/1043.JPG.jpeg,HEALTHY LEAVES,Apple___healthy,3,6aad41d6fd45f1fa599ae7704358bab71ad15dd403dcaeab7bbb1e0e1469bc38,Apple___healthy,Apple___healthy,0.48646092414855957,True,0.30228713154792786,0.1979295015335083,0.013322483748197556,0.48646092414855957
C:\Users\gunn\Desktop\work\appleleaf\data\external_classification\kashmir\HEALTHY LEAVES\1044.JPG.jpeg,HEALTHY LEAVES/1044.JPG.jpeg,HEALTHY LEAVES,Apple___healthy,3,315b1512e4b88cd6324be6a79bf67e738699cb6abe3476516b0dc5902ab48fda,Apple___healthy,Apple___healthy,0.36021533608436584,True,0.2684560716152191,0.3008324205875397,0.07049625366926193,0.36021533608436584
C:\Users\gunn\Desktop\work\appleleaf\data\external_classification\kashmir\HEALTHY LEAVES\1045.JPG.jpeg,HEALTHY LEAVES/1045.JPG.jpeg,HEALTHY LEAVES,Apple___healthy,3,1df28cf879ff95ffe14687c90747ab1ecdc48a47c830f376eb19b11d663e3f50,Apple___healthy,Apple___healthy,0.5260401964187622,True,0.15883107483386993,0.25694260001182556,0.058186136186122894,0.5260401964187622
C:\Users\gunn\Desktop\work\appleleaf\data\external_classification\kashmir\HEALTHY LEAVES\1046.JPG.jpeg,HEALTHY LEAVES/1046.JPG.jpeg,HEALTHY LEAVES,Apple___healthy,3,492be4f9b55bb329fbc0846ece5ad9de0ed15eea8171acde788c72b2bcf36fc9,Apple___healthy,Apple___healthy,0.5208210349082947,True,0.1301654577255249,0.29598134756088257,0.053032148629426956,0.5208210349082947
C:\Users\gunn\Desktop\work\appleleaf\data\external_classification\kashmir\HEALTHY LEAVES\1047.JPG.jpeg,HEALTHY LEAVES/1047.JPG.jpeg,HEALTHY LEAVES,Apple___healthy,3,6bb2c77f073ab10f38ef1af66a7dee09a47775d3854c72bbc59c4c094cfbbc7d,Apple___healthy,Apple___healthy,0.5655003786087036,True,0.1689532995223999,0.2216273844242096,0.043918970972299576,0.5655003786087036
C:\Users\gunn\Desktop\work\appleleaf\data\external_classification\kashmir\HEALTHY LEAVES\1049.JPG.jpeg,HEALTHY LEAVES/1049.JPG.jpeg,HEALTHY LEAVES,Apple___healthy,3,efe2c5012faefb896e7544fe905e79cfaa26ce0eb3389f48c9805c3beba9cdcc,Apple___healthy,Apple___Black_rot,0.4529067873954773,False,0.3234555721282959,0.4529067873954773,0.10830483585596085,0.11533278971910477
C:\Users\gunn\Desktop\work\appleleaf\data\external_classification\kashmir\HEALTHY LEAVES\1052.JPG.jpeg,HEALTHY LEAVES/1052.JPG.jpeg,HEALTHY LEAVES,Apple___healthy,3,94d252cee3f3ca8e3bcba5cd934d13bcef543f3e98ed17404c7fa131b5153736,Apple___healthy,Apple___healthy,0.5394169092178345,True,0.4592815041542053,0.001294002402573824,7.583133537991671e-06,0.5394169092178345
C:\Users\gunn\Desktop\work\appleleaf\data\external_classification\kashmir\HEALTHY LEAVES\1053.JPG.jpeg,HEALTHY LEAVES/1053.JPG.jpeg,HEALTHY LEAVES,Apple___healthy,3,c86770e6b666df56b71e85c587bf679cda6bf8e39be0904afd55e299415eb215,Apple___healthy,Apple___healthy,0.4013115465641022,True,0.34860554337501526,0.2336791455745697,0.01640378311276436,0.4013115465641022
C:\Users\gunn\Desktop\work\appleleaf\data\external_classification\kashmir\HEALTHY LEAVES\1054.JPG.jpeg,HEALTHY LEAVES/1054.JPG.jpeg,HEALTHY LEAVES,Apple___healthy,3,69c0fb8cf0cddbffd91181e566964f3e076a0528555506c7b6cf2e061bc29473,Apple___healthy,Apple___healthy,0.6017116904258728,True,0.29180672764778137,0.09890356659889221,0.007577983662486076,0.6017116904258728
C:\Users\gunn\Desktop\work\appleleaf\data\external_classification\kashmir\HEALTHY LEAVES\1055.JPG.jpeg,HEALTHY LEAVES/1055.JPG.jpeg,HEALTHY LEAVES,Apple___healthy,3,6b8415824d4b9d3b909708cb5d4f090b879944a16f883d002fad6be0a5318593,Apple___healthy,Apple___Black_rot,0.4335051476955414,False,0.15381643176078796,0.4335051476955414,0.13536663353443146,0.2773118317127228
C:\Users\gunn\Desktop\work\appleleaf\data\external_classification\kashmir\HEALTHY LEAVES\1056.JPG.jpeg,HEALTHY LEAVES/1056.JPG.jpeg,HEALTHY LEAVES,Apple___healthy,3,49c7210124e68a42f43d577c90d773e6f5518ef37a363ef1757134243ad842a7,Apple___healthy,Apple___healthy,0.7702323198318481,True,0.1850518435239792,0.04373243823647499,0.0009834256488829851,0.7702323198318481
C:\Users\gunn\Desktop\work\appleleaf\data\external_classification\kashmir\HEALTHY LEAVES\1057.jpg.jpeg,HEALTHY LEAVES/1057.jpg.jpeg,HEALTHY LEAVES,Apple___healthy,3,b9d2747e32eba98736a27632d5b8580cf3a95caa0bf39660b2ebc2ab2d2c7ac9,Apple___healthy,Apple___Black_rot,0.86714768409729,False,0.1048625260591507,0.86714768409729,0.0037282307166606188,0.024261681362986565
C:\Users\gunn\Desktop\work\appleleaf\data\external_classification\kashmir\HEALTHY LEAVES\1060.jpg.jpeg,HEALTHY LEAVES/1060.jpg.jpeg,HEALTHY LEAVES,Apple___healthy,3,09e75a35d87e4fec98728d51469711e1bfa75f5c28f2861b9f4d711b014c4ee0,Apple___healthy,Apple___Black_rot,0.4904196858406067,False,0.3153819441795349,0.4904196858406067,0.11575568467378616,0.07844266295433044
C:\Users\gunn\Desktop\work\appleleaf\data\external_classification\kashmir\HEALTHY LEAVES\1063.jpg.jpeg,HEALTHY LEAVES/1063.jpg.jpeg,HEALTHY LEAVES,Apple___healthy,3,4b36e40a21112054e99a36b4f36e24b742afa237fa6e7ff4726ec82d6e291fb6,Apple___healthy,Apple___healthy,0.5784763097763062,True,0.06261561065912247,0.2741168737411499,0.0847911685705185,0.5784763097763062
C:\Users\gunn\Desktop\work\appleleaf\data\external_classification\kashmir\HEALTHY LEAVES\1065.jpg.jpeg,HEALTHY LEAVES/1065.jpg.jpeg,HEALTHY LEAVES,Apple___healthy,3,b1a3e7b0d04674c603411f2ddcea2f17d9ca6de4231cfd7fcdc799535a13cc30,Apple___healthy,Apple___healthy,0.5371714234352112,True,0.15148083865642548,0.2316088080406189,0.07973892986774445,0.5371714234352112
C:\Users\gunn\Desktop\work\appleleaf\data\external_classification\kashmir\HEALTHY LEAVES\1066.jpg.jpeg,HEALTHY LEAVES/1066.jpg.jpeg,HEALTHY LEAVES,Apple___healthy,3,f6b4d8fe40c7f414380eba2292793be978074b16bfa928ec4efcc601a7c90ef8,Apple___healthy,Apple___healthy,0.77102130651474,True,0.10125382989645004,0.10428450256586075,0.02344033494591713,0.77102130651474
C:\Users\gunn\Desktop\work\appleleaf\data\external_classification\kashmir\HEALTHY LEAVES\1068.jpg.jpeg,HEALTHY LEAVES/1068.jpg.jpeg,HEALTHY LEAVES,Apple___healthy,3,218857e5a6182b1181b82e82384fbefa4d43d801e3991b7e84c0044a7e2351e3,Apple___healthy,Apple___healthy,0.45439454913139343,True,0.1001831591129303,0.14564506709575653,0.29977723956108093,0.45439454913139343
C:\Users\gunn\Desktop\work\appleleaf\data\external_classification\kashmir\HEALTHY LEAVES\1069.jpg.jpeg,HEALTHY LEAVES/1069.jpg.jpeg,HEALTHY LEAVES,Apple___healthy,3,216072d4fd7a9d33efb09fe1135294044840061382f90adae74d3661c4c2750a,Apple___healthy,Apple___healthy,0.401023805141449,True,0.17321231961250305,0.15195992588996887,0.2738039195537567,0.401023805141449
C:\Users\gunn\Desktop\work\appleleaf\data\external_classification\kashmir\HEALTHY LEAVES\1072.jpg.jpeg,HEALTHY LEAVES/1072.jpg.jpeg,HEALTHY LEAVES,Apple___healthy,3,05633e5820ab288e34a95a496c7f6cb3e3a662eb8afc4e32fb5b8382fb7606c7,Apple___healthy,Apple___healthy,0.6129290461540222,True,0.0662253350019455,0.2146904170513153,0.10615523159503937,0.6129290461540222
C:\Users\gunn\Desktop\work\appleleaf\data\external_classification\kashmir\HEALTHY LEAVES\1076.jpg.jpeg,HEALTHY LEAVES/1076.jpg.jpeg,HEALTHY LEAVES,Apple___healthy,3,66d3a16a264ccf12e7b576e3b496c9d227be80cf82a7e68ccfd67c09cb1be638,Apple___healthy,Apple___healthy,0.5619730949401855,True,0.06941445171833038,0.1667700558900833,0.20184244215488434,0.5619730949401855
C:\Users\gunn\Desktop\work\appleleaf\data\external_classification\kashmir\HEALTHY LEAVES\1078.jpg.jpeg,HEALTHY LEAVES/1078.jpg.jpeg,HEALTHY LEAVES,Apple___healthy,3,02ed0f499e4251ca41fbfa696157fb8ecd8c870c95bd844d0e30c852975f3807,Apple___healthy,Apple___healthy,0.3391866087913513,True,0.17964544892311096,0.15939590334892273,0.321772038936615,0.3391866087913513
C:\Users\gunn\Desktop\work\appleleaf\data\external_classification\kashmir\SCAB LEAVES\1011.JPG.jpeg,SCAB LEAVES/1011.JPG.jpeg,SCAB LEAVES,Apple___Apple_scab,0,a5bb8658de2afaf8384d3832d1c12b7d00ef47a1ddef57baae928f560cd004a7,Apple___Apple_scab,Apple___Cedar_apple_rust,0.3229665458202362,False,0.1447077840566635,0.25008678436279297,0.3229665458202362,0.2822389304637909
C:\Users\gunn\Desktop\work\appleleaf\data\external_classification\kashmir\SCAB LEAVES\1012.JPG.jpeg,SCAB LEAVES/1012.JPG.jpeg,SCAB LEAVES,Apple___Apple_scab,0,a2b7458f27c3d40f83d7849c7e47760be0fb1f17fc72c4a81673c450ebd4aef5,Apple___Apple_scab,Apple___Apple_scab,0.9171221256256104,True,0.9171221256256104,0.02990923821926117,4.742925375467166e-05,0.05292117968201637
C:\Users\gunn\Desktop\work\appleleaf\data\external_classification\kashmir\SCAB LEAVES\1013.JPG.jpeg,SCAB LEAVES/1013.JPG.jpeg,SCAB LEAVES,Apple___Apple_scab,0,66a79cfe157bee91e28683614fe0adee2aa10c93d6546e309872c680021c60f1,Apple___Apple_scab,Apple___healthy,0.3541742265224457,False,0.3485018014907837,0.2773039638996124,0.02001993916928768,0.3541742265224457
C:\Users\gunn\Desktop\work\appleleaf\data\external_classification\kashmir\SCAB LEAVES\1016.JPG.jpeg,SCAB LEAVES/1016.JPG.jpeg,SCAB LEAVES,Apple___Apple_scab,0,7ed1a20da96c6f40a5c6e055f88c554e3dfdbedc56b6e8b4c7565d73a2cbe217,Apple___Apple_scab,Apple___Black_rot,0.4297417104244232,False,0.12586566805839539,0.4297417104244232,0.15415550768375397,0.29023706912994385
C:\Users\gunn\Desktop\work\appleleaf\data\external_classification\kashmir\SCAB LEAVES\1022.JPG.jpeg,SCAB LEAVES/1022.JPG.jpeg,SCAB LEAVES,Apple___Apple_scab,0,f4f1e6af6bac3658d2ca7d2e53462e6ed28c19d53a1c2addd636393fb09aaee9,Apple___Apple_scab,Apple___Black_rot,0.5590507388114929,False,0.23520207405090332,0.5590507388114929,0.05816248059272766,0.1475847065448761
C:\Users\gunn\Desktop\work\appleleaf\data\external_classification\kashmir\SCAB LEAVES\1025.JPG.jpeg,SCAB LEAVES/1025.JPG.jpeg,SCAB LEAVES,Apple___Apple_scab,0,4635c334e60ef8d3c684941fa4121dddd4caa92abd1bfc0b47580d86b00fb804,Apple___Apple_scab,Apple___healthy,0.4111567735671997,False,0.3973100781440735,0.18696559965610504,0.004567587282508612,0.4111567735671997
C:\Users\gunn\Desktop\work\appleleaf\data\external_classification\kashmir\SCAB LEAVES\1027.JPG.jpeg,SCAB LEAVES/1027.JPG.jpeg,SCAB LEAVES,Apple___Apple_scab,0,4311d1ec49c56d2be8392963678f018175b8ffee06e8f2b3b3866160f1c11d16,Apple___Apple_scab,Apple___Apple_scab,0.496428906917572,True,0.496428906917572,0.10099954903125763,0.015628095716238022,0.38694339990615845
C:\Users\gunn\Desktop\work\appleleaf\data\external_classification\kashmir\SCAB LEAVES\1028.JPG.jpeg,SCAB LEAVES/1028.JPG.jpeg,SCAB LEAVES,Apple___Apple_scab,0,34e406c1e9cfd7164eda01808534e456c6216b35348b816875f02026fbd0922b,Apple___Apple_scab,Apple___Apple_scab,0.5169115662574768,True,0.5169115662574768,0.028327293694019318,0.00022175739286467433,0.45453938841819763
C:\Users\gunn\Desktop\work\appleleaf\data\external_classification\kashmir\SCAB LEAVES\1029.JPG.jpeg,SCAB LEAVES/1029.JPG.jpeg,SCAB LEAVES,Apple___Apple_scab,0,cd9135ac78dba6f4bda2107ba82ea5bf4319d0241e951a26931aaa68cf393d66,Apple___Apple_scab,Apple___healthy,0.5514265298843384,False,0.28313523530960083,0.14506730437278748,0.020370975136756897,0.5514265298843384
C:\Users\gunn\Desktop\work\appleleaf\data\external_classification\kashmir\SCAB LEAVES\1030.JPG.jpeg,SCAB LEAVES/1030.JPG.jpeg,SCAB LEAVES,Apple___Apple_scab,0,44d5128b532ecfb2580115669170dfafefcf6ecdd389791bec1a9110738dea1c,Apple___Apple_scab,Apple___healthy,0.8839030861854553,False,0.11300963908433914,0.0029997278470546007,8.755068120080978e-05,0.8839030861854553
C:\Users\gunn\Desktop\work\appleleaf\data\external_classification\kashmir\SCAB LEAVES\1031.JPG.jpeg,SCAB LEAVES/1031.JPG.jpeg,SCAB LEAVES,Apple___Apple_scab,0,c623cafe7986fcf1ef9989feeb016bdeacc61efe2020cef083e36cb7592b3d5f,Apple___Apple_scab,Apple___Apple_scab,0.675820529460907,True,0.675820529460907,0.08601938188076019,0.00011774665472330526,0.23804229497909546
C:\Users\gunn\Desktop\work\appleleaf\data\external_classification\kashmir\SCAB LEAVES\1033.JPG.jpeg,SCAB LEAVES/1033.JPG.jpeg,SCAB LEAVES,Apple___Apple_scab,0,2615bbc0e6222631965d56374fc53a99f6543a7f92b3081a95bb73adfe6e11df,Apple___Apple_scab,Apple___healthy,0.9119077324867249,False,0.08225030452013016,0.005293663125485182,0.0005482945125550032,0.9119077324867249
C:\Users\gunn\Desktop\work\appleleaf\data\external_classification\kashmir\SCAB LEAVES\1037.JPG.jpeg,SCAB LEAVES/1037.JPG.jpeg,SCAB LEAVES,Apple___Apple_scab,0,5941225868ba42b6ad1f465799d72eb633a21379094aa1f459d5ed0fa23fd659,Apple___Apple_scab,Apple___healthy,0.46359214186668396,False,0.25220152735710144,0.2641464173793793,0.020059898495674133,0.46359214186668396
C:\Users\gunn\Desktop\work\appleleaf\data\external_classification\kashmir\SCAB LEAVES\1038.JPG.jpeg,SCAB LEAVES/1038.JPG.jpeg,SCAB LEAVES,Apple___Apple_scab,0,b26b06eb421eee7bf461000609a956b484da8935afba073bd09e872d7b2d637f,Apple___Apple_scab,Apple___Apple_scab,0.8598897457122803,True,0.8598897457122803,0.01319503877311945,1.852513560152147e-05,0.12689675390720367
C:\Users\gunn\Desktop\work\appleleaf\data\external_classification\kashmir\SCAB LEAVES\1040.JPG.jpeg,SCAB LEAVES/1040.JPG.jpeg,SCAB LEAVES,Apple___Apple_scab,0,48c03c59e4228d0be33a4665803fc12c14a1e004c01e53324fbae981496601cf,Apple___Apple_scab,Apple___healthy,0.4997158348560333,False,0.2517254650592804,0.24458301067352295,0.003975748550146818,0.4997158348560333
C:\Users\gunn\Desktop\work\appleleaf\data\external_classification\kashmir\SCAB LEAVES\1042.JPG.jpeg,SCAB LEAVES/1042.JPG.jpeg,SCAB LEAVES,Apple___Apple_scab,0,12ef30b81c9d7ae0da39003b8f440286a5a81340e70b0eb8abb0a1c85411eae6,Apple___Apple_scab,Apple___Cedar_apple_rust,0.3464868664741516,False,0.07379335165023804,0.23401452600955963,0.3464868664741516,0.34570521116256714
C:\Users\gunn\Desktop\work\appleleaf\data\external_classification\kashmir\SCAB LEAVES\1048.JPG.jpeg,SCAB LEAVES/1048.JPG.jpeg,SCAB LEAVES,Apple___Apple_scab,0,c63c89ec0236e28006bc460891a09bd60334b2b8828ab05622ee2376ac0a0e85,Apple___Apple_scab,Apple___healthy,0.3710785210132599,False,0.2860211431980133,0.33136218786239624,0.011538182385265827,0.3710785210132599
C:\Users\gunn\Desktop\work\appleleaf\data\external_classification\kashmir\SCAB LEAVES\1050.JPG.jpeg,SCAB LEAVES/1050.JPG.jpeg,SCAB LEAVES,Apple___Apple_scab,0,531b65e5ac9e65ade673ca6460e065b6fa665f57446f73c68f2a673a6656048a,Apple___Apple_scab,Apple___healthy,0.3585035800933838,False,0.25258052349090576,0.34993064403533936,0.03898521140217781,0.3585035800933838
C:\Users\gunn\Desktop\work\appleleaf\data\external_classification\kashmir\SCAB LEAVES\1051.JPG.jpeg,SCAB LEAVES/1051.JPG.jpeg,SCAB LEAVES,Apple___Apple_scab,0,4143ea205ab07f9d6eda3ee8c4f9f75f449c32cc68f0793dcce8e78dd92e3c74,Apple___Apple_scab,Apple___healthy,0.5659909844398499,False,0.19660702347755432,0.2022235095500946,0.03517850488424301,0.5659909844398499
C:\Users\gunn\Desktop\work\appleleaf\data\external_classification\kashmir\SCAB LEAVES\1059.jpg.jpeg,SCAB LEAVES/1059.jpg.jpeg,SCAB LEAVES,Apple___Apple_scab,0,0ef8e32aad49c0efbf4dbe34db3b66705acff56f2be02852a3cf19dfd2f49027,Apple___Apple_scab,Apple___healthy,0.412680059671402,False,0.19251707196235657,0.2174033671617508,0.17739950120449066,0.412680059671402
C:\Users\gunn\Desktop\work\appleleaf\data\external_classification\kashmir\SCAB LEAVES\1085.jpg.jpeg,SCAB LEAVES/1085.jpg.jpeg,SCAB LEAVES,Apple___Apple_scab,0,d95311812f6993d74b0a0be59a8614ed32be3abe3af9bec00b09b90dda459e5f,Apple___Apple_scab,Apple___Cedar_apple_rust,0.8024941682815552,False,0.1006394550204277,0.011899401433765888,0.8024941682815552,0.08496693521738052
C:\Users\gunn\Desktop\work\appleleaf\data\external_classification\kashmir\SCAB LEAVES\1090.jpg.jpeg,SCAB LEAVES/1090.jpg.jpeg,SCAB LEAVES,Apple___Apple_scab,0,be7785d16dc1c99581ce3695b6690890a6b056d8d9e52ac1b87717fa2b9f52f9,Apple___Apple_scab,Apple___Black_rot,0.565520703792572,False,0.4076730012893677,0.565520703792572,0.0239329244941473,0.002873357618227601
C:\Users\gunn\Desktop\work\appleleaf\data\external_classification\kashmir\SCAB LEAVES\1091.jpg.jpeg,SCAB LEAVES/1091.jpg.jpeg,SCAB LEAVES,Apple___Apple_scab,0,7a7efaee548fb75aa16de71d39f8c3331d00bf5db08700853db4d2b822977e1e,Apple___Apple_scab,Apple___Apple_scab,0.5001004338264465,True,0.5001004338264465,0.11856131255626678,0.005040181800723076,0.37629809975624084
C:\Users\gunn\Desktop\work\appleleaf\data\external_classification\kashmir\SCAB LEAVES\2001.jpg.jpeg,SCAB LEAVES/2001.jpg.jpeg,SCAB LEAVES,Apple___Apple_scab,0,2b46b4b1c55c8adc87b13b91c388b4880d6f7c36971b21b0c7a0ae8265725d81,Apple___Apple_scab,Apple___Cedar_apple_rust,0.7991741895675659,False,0.0990668535232544,0.012918530963361263,0.7991741895675659,0.08884043246507645
C:\Users\gunn\Desktop\work\appleleaf\data\external_classification\kashmir\SCAB LEAVES\2004.jpg.jpeg,SCAB LEAVES/2004.jpg.jpeg,SCAB LEAVES,Apple___Apple_scab,0,1ca4237627b1445526010f96daa5105f8f55077fa32055583167dacbf68945af,Apple___Apple_scab,Apple___Apple_scab,0.4573531746864319,True,0.4573531746864319,0.421845942735672,0.09616801142692566,0.02463286556303501
C:\Users\gunn\Desktop\work\appleleaf\data\external_classification\kashmir\SCAB LEAVES\2011.jpg.jpeg,SCAB LEAVES/2011.jpg.jpeg,SCAB LEAVES,Apple___Apple_scab,0,74e1cb72bd37e15e0d3726fc57b6817fdb4131dc7305ab78814c4569846643e2,Apple___Apple_scab,Apple___Apple_scab,0.47954875230789185,True,0.47954875230789185,0.12523916363716125,0.006074237171560526,0.38913795351982117
C:\Users\gunn\Desktop\work\appleleaf\data\external_classification\kashmir\SCAB LEAVES\2021.jpg.jpeg,SCAB LEAVES/2021.jpg.jpeg,SCAB LEAVES,Apple___Apple_scab,0,4ddb1825d9c2f40e50a79732c896d702f803a9c0b9dde045b24d0dbd152f2d4d,Apple___Apple_scab,Apple___healthy,0.5969175696372986,False,0.18987663090229034,0.18231241405010223,0.03089338354766369,0.5969175696372986
C:\Users\gunn\Desktop\work\appleleaf\data\external_classification\kashmir\SCAB LEAVES\2033.jpg.jpeg,SCAB LEAVES/2033.jpg.jpeg,SCAB LEAVES,Apple___Apple_scab,0,e9561c0ca20d34de5f8dd5d2378e3447276f7b0dfcd13da142cd292d8083fffa,Apple___Apple_scab,Apple___healthy,0.7105666995048523,False,0.06283358484506607,0.14974921941757202,0.07685047388076782,0.7105666995048523
C:\Users\gunn\Desktop\work\appleleaf\data\external_classification\kashmir\SCAB LEAVES\2038.jpg.jpeg,SCAB LEAVES/2038.jpg.jpeg,SCAB LEAVES,Apple___Apple_scab,0,ac5665cc5298704b870e524f2feef80e529d440538caaa81774349d01e3e1b1f,Apple___Apple_scab,Apple___healthy,0.4574737250804901,False,0.07131648063659668,0.34885072708129883,0.1223590224981308,0.4574737250804901
C:\Users\gunn\Desktop\work\appleleaf\data\external_classification\kashmir\SCAB LEAVES\2039.jpg.jpeg,SCAB LEAVES/2039.jpg.jpeg,SCAB LEAVES,Apple___Apple_scab,0,4ed06def2ae7740a8822aabbf68e3a902459f43a997ed1d8592c06ad502d914c,Apple___Apple_scab,Apple___healthy,0.5587698221206665,False,0.0549432672560215,0.13693170249462128,0.24935518205165863,0.5587698221206665
C:\Users\gunn\Desktop\work\appleleaf\data\external_classification\kashmir\SCAB LEAVES\2043.jpg.jpeg,SCAB LEAVES/2043.jpg.jpeg,SCAB LEAVES,Apple___Apple_scab,0,3d265acede340b45067ebdd8b94d88039448fda36f2984bde307bcc9303fdc0f,Apple___Apple_scab,Apple___healthy,0.46342793107032776,False,0.06671036034822464,0.3418653607368469,0.12799635529518127,0.46342793107032776
C:\Users\gunn\Desktop\work\appleleaf\data\external_classification\kashmir\SCAB LEAVES\2051.jpg.jpeg,SCAB LEAVES/2051.jpg.jpeg,SCAB LEAVES,Apple___Apple_scab,0,536f83a4649c64cb260dbc743bdd6fec365d0b54adc2e83b6d03d0949a0da9d2,Apple___Apple_scab,Apple___healthy,0.7629975080490112,False,0.07607490569353104,0.09650073200464249,0.06442689895629883,0.7629975080490112
C:\Users\gunn\Desktop\work\appleleaf\data\external_classification\kashmir\SCAB LEAVES\2059.JPG.jpeg,SCAB LEAVES/2059.JPG.jpeg,SCAB LEAVES,Apple___Apple_scab,0,0239d49b92a7645ee3c1bb094e96633cf6f38df8b584ba3d3559eb77829c92d7,Apple___Apple_scab,Apple___healthy,0.898398756980896,False,0.08870048820972443,0.010440562851727009,0.0024601807817816734,0.898398756980896
C:\Users\gunn\Desktop\work\appleleaf\data\external_classification\kashmir\SCAB LEAVES\2070.jpg.jpeg,SCAB LEAVES/2070.jpg.jpeg,SCAB LEAVES,Apple___Apple_scab,0,10fe8b5969b6e27b2b2e27816c24ee2706c92f28778fd4c7477eb5b8d2484880,Apple___Apple_scab,Apple___Black_rot,0.8676279783248901,False,0.11632399260997772,0.8676279783248901,0.008097979240119457,0.007950124330818653
C:\Users\gunn\Desktop\work\appleleaf\data\external_classification\kashmir\SCAB LEAVES\2074.jpg.jpeg,SCAB LEAVES/2074.jpg.jpeg,SCAB LEAVES,Apple___Apple_scab,0,99e86dfc34385ce635d40b15f3ed4a19413132382d2befbe0ae58146f3cd2f90,Apple___Apple_scab,Apple___Cedar_apple_rust,0.3918095827102661,False,0.20368139445781708,0.23887507617473602,0.3918095827102661,0.1656339466571808
C:\Users\gunn\Desktop\work\appleleaf\data\external_classification\kashmir\SCAB LEAVES\2080.jpg.jpeg,SCAB LEAVES/2080.jpg.jpeg,SCAB LEAVES,Apple___Apple_scab,0,0e267d6959a79ccff549e9535ec8817cfaf9532402ea04e1880f2cb980af5d3a,Apple___Apple_scab,Apple___Cedar_apple_rust,0.3415214419364929,False,0.24847106635570526,0.26147037744522095,0.3415214419364929,0.14853709936141968
C:\Users\gunn\Desktop\work\appleleaf\data\external_classification\kashmir\SCAB LEAVES\2081.jpg.jpeg,SCAB LEAVES/2081.jpg.jpeg,SCAB LEAVES,Apple___Apple_scab,0,cc43d59fc9faecc623e61c1a608940a6ff4aa562e2df9c3598392067d37c5688,Apple___Apple_scab,Apple___Black_rot,0.5215761661529541,False,0.36212483048439026,0.5215761661529541,0.08730927854776382,0.0289896372705698
C:\Users\gunn\Desktop\work\appleleaf\data\external_classification\kashmir\SCAB LEAVES\2082.jpg.jpeg,SCAB LEAVES/2082.jpg.jpeg,SCAB LEAVES,Apple___Apple_scab,0,e5bacabd622468da021e9a82f92a3d5e1ac324337004048c1562575817039477,Apple___Apple_scab,Apple___healthy,0.337076872587204,False,0.117679663002491,0.30178773403167725,0.24345581233501434,0.337076872587204
C:\Users\gunn\Desktop\work\appleleaf\data\external_classification\kashmir\SCAB LEAVES\2091.jpg.jpeg,SCAB LEAVES/2091.jpg.jpeg,SCAB LEAVES,Apple___Apple_scab,0,297fa19b94c65bc7574bffeab117fbccac40b7255a0e04d31ed744d3fbd4710b,Apple___Apple_scab,Apple___Black_rot,0.5086237192153931,False,0.19593185186386108,0.5086237192153931,0.19236618280410767,0.10307823121547699
C:\Users\gunn\Desktop\work\appleleaf\data\external_classification\kashmir\SCAB LEAVES\3000.jpg.jpeg,SCAB LEAVES/3000.jpg.jpeg,SCAB LEAVES,Apple___Apple_scab,0,b875d05e6f8a3ddc773556223830529dc1fe510e1c163d233c41e6b03d427805,Apple___Apple_scab,Apple___healthy,0.5009272694587708,False,0.2278425693511963,0.2460581362247467,0.025172006338834763,0.5009272694587708
C:\Users\gunn\Desktop\work\appleleaf\data\external_classification\kashmir\SCAB LEAVES\3003.jpg.jpeg,SCAB LEAVES/3003.jpg.jpeg,SCAB LEAVES,Apple___Apple_scab,0,070f9265e555c27532fa4193b93dafd12d1a1cf2344051f3e33ed3a394729255,Apple___Apple_scab,Apple___healthy,0.6254957914352417,False,0.061347655951976776,0.2378433495759964,0.07531318068504333,0.6254957914352417
C:\Users\gunn\Desktop\work\appleleaf\data\external_classification\kashmir\SCAB LEAVES\3006.jpg.jpeg,SCAB LEAVES/3006.jpg.jpeg,SCAB LEAVES,Apple___Apple_scab,0,caa501db68b748da6374c62f387eab13241ddda6b7a1022e844c545ed8415374,Apple___Apple_scab,Apple___Apple_scab,0.40714117884635925,True,0.40714117884635925,0.2101055383682251,0.0182445477694273,0.3645087778568268
C:\Users\gunn\Desktop\work\appleleaf\data\external_classification\kashmir\SCAB LEAVES\3012.jpg.jpeg,SCAB LEAVES/3012.jpg.jpeg,SCAB LEAVES,Apple___Apple_scab,0,e1d9fa96a4e6ccb9ee3806b5c8072a361fdf4ff5143664ad142630352c014c1c,Apple___Apple_scab,Apple___healthy,0.9430370926856995,False,0.05530991032719612,0.0016156702768057585,3.730290336534381e-05,0.9430370926856995
C:\Users\gunn\Desktop\work\appleleaf\data\external_classification\kashmir\SCAB LEAVES\3022.JPG.jpeg,SCAB LEAVES/3022.JPG.jpeg,SCAB LEAVES,Apple___Apple_scab,0,16129d4cbabf69c9afb3335a877a014f15cc050d69deb0a001b3abd83653f18d,Apple___Apple_scab,Apple___healthy,0.6105449795722961,False,0.1105823814868927,0.07976342737674713,0.19910919666290283,0.6105449795722961
C:\Users\gunn\Desktop\work\appleleaf\data\external_classification\kashmir\SCAB LEAVES\3028.JPG.jpeg,SCAB LEAVES/3028.JPG.jpeg,SCAB LEAVES,Apple___Apple_scab,0,e4afc97cb7761ad719e840aef9b8600a791ccf5b5edf3495a1655858db889957,Apple___Apple_scab,Apple___Apple_scab,0.5008913278579712,True,0.5008913278579712,0.37600815296173096,0.11398390680551529,0.009116685949265957
C:\Users\gunn\Desktop\work\appleleaf\data\external_classification\kashmir\SCAB LEAVES\3036.JPG.jpeg,SCAB LEAVES/3036.JPG.jpeg,SCAB LEAVES,Apple___Apple_scab,0,08231864b69aa11ee618a4bb853a4e785a54f9ae29ace513830ec3e28313c5fb,Apple___Apple_scab,Apple___Apple_scab,0.5242176651954651,True,0.5242176651954651,0.02300943247973919,0.44856157898902893,0.0042113070376217365
C:\Users\gunn\Desktop\work\appleleaf\data\external_classification\kashmir\SCAB LEAVES\3037.JPG.jpeg,SCAB LEAVES/3037.JPG.jpeg,SCAB LEAVES,Apple___Apple_scab,0,11bd5e39b18421293486ff2d3b197517455fe8111a38137e6dac53aac9cab2d1,Apple___Apple_scab,Apple___healthy,0.9471135139465332,False,0.052678998559713364,0.00019362245802767575,1.3853727978130337e-05,0.9471135139465332
C:\Users\gunn\Desktop\work\appleleaf\data\external_classification\kashmir\SCAB LEAVES\3039.JPG.jpeg,SCAB LEAVES/3039.JPG.jpeg,SCAB LEAVES,Apple___Apple_scab,0,735590f4eebea8c468a91112175b42bb71ac5f991b2c3a1079616cb071bef797,Apple___Apple_scab,Apple___Apple_scab,0.6804269552230835,True,0.6804269552230835,0.2660737633705139,0.006539945490658283,0.046959374099969864
C:\Users\gunn\Desktop\work\appleleaf\data\external_classification\kashmir\SCAB LEAVES\3040.JPG.jpeg,SCAB LEAVES/3040.JPG.jpeg,SCAB LEAVES,Apple___Apple_scab,0,3651c3a41f2b04134c662bb6d5b94a59786a574083fd55433a1828407ec410bf,Apple___Apple_scab,Apple___Apple_scab,0.710307776927948,True,0.710307776927948,0.257978618144989,0.0016004283679649234,0.030113045126199722
C:\Users\gunn\Desktop\work\appleleaf\data\external_classification\kashmir\SCAB LEAVES\3044.JPG.jpeg,SCAB LEAVES/3044.JPG.jpeg,SCAB LEAVES,Apple___Apple_scab,0,a8f7bed04c80476b08f87ab545f2f3d2198878665438a17c1ef5facd6db6fc30,Apple___Apple_scab,Apple___healthy,0.8959847688674927,False,0.1027454361319542,0.0011484255082905293,0.0001213383293361403,0.8959847688674927
C:\Users\gunn\Desktop\work\appleleaf\data\external_classification\kashmir\SCAB LEAVES\3048.JPG.jpeg,SCAB LEAVES/3048.JPG.jpeg,SCAB LEAVES,Apple___Apple_scab,0,b29d1100527fc5742ef700fbeb7c2664398c6b2dfd30373807fddd2e2cd25aab,Apple___Apple_scab,Apple___Apple_scab,0.5037873983383179,True,0.5037873983383179,0.024728666990995407,0.0007364428020082414,0.4707475006580353
C:\Users\gunn\Desktop\work\appleleaf\data\external_classification\kashmir\SCAB LEAVES\3050.JPG.jpeg,SCAB LEAVES/3050.JPG.jpeg,SCAB LEAVES,Apple___Apple_scab,0,d14613496d176dad37ef51db5badad2a53f6ae24c33ba84f8d67da57344bf362,Apple___Apple_scab,Apple___Apple_scab,0.8514286279678345,True,0.8514286279678345,0.11947932094335556,0.00038713644607923925,0.02870486117899418
C:\Users\gunn\Desktop\work\appleleaf\data\external_classification\kashmir\SCAB LEAVES\3052.JPG.jpeg,SCAB LEAVES/3052.JPG.jpeg,SCAB LEAVES,Apple___Apple_scab,0,b50b4b1510a6651575243aba0359417c4819928886ba949af52e7d245727bdcd,Apple___Apple_scab,Apple___Apple_scab,0.8891480565071106,True,0.8891480565071106,0.09816977381706238,0.00018305705452803522,0.012499119155108929
C:\Users\gunn\Desktop\work\appleleaf\data\external_classification\kashmir\SCAB LEAVES\3054.JPG.jpeg,SCAB LEAVES/3054.JPG.jpeg,SCAB LEAVES,Apple___Apple_scab,0,9f151ffd38f04b683d1e50d9f33b2fc09ae774ac3b52f3587c6c7d1b63d6dc63,Apple___Apple_scab,Apple___healthy,0.8590959310531616,False,0.14045663177967072,0.0004411717818584293,6.193192803038983e-06,0.8590959310531616
C:\Users\gunn\Desktop\work\appleleaf\data\external_classification\kashmir\SCAB LEAVES\3057.JPG.jpeg,SCAB LEAVES/3057.JPG.jpeg,SCAB LEAVES,Apple___Apple_scab,0,375f19b800188c64cd3f7801edad024d5d7e7524be378da44ca1c2a62cce8e2c,Apple___Apple_scab,Apple___Apple_scab,0.6388917565345764,True,0.6388917565345764,0.34842854738235474,0.0005834072944708169,0.012096299789845943
C:\Users\gunn\Desktop\work\appleleaf\data\external_classification\kashmir\SCAB LEAVES\3069.JPG.jpeg,SCAB LEAVES/3069.JPG.jpeg,SCAB LEAVES,Apple___Apple_scab,0,4b36a1bda4152c5a41bb06d7092bf39328a75e9dd98672f63fcaa15b47cdfde7,Apple___Apple_scab,Apple___Apple_scab,0.5300452709197998,True,0.5300452709197998,0.45404723286628723,0.005986036732792854,0.009921473450958729
C:\Users\gunn\Desktop\work\appleleaf\data\external_classification\kashmir\SCAB LEAVES\3075.JPG.jpeg,SCAB LEAVES/3075.JPG.jpeg,SCAB LEAVES,Apple___Apple_scab,0,0f84388a036b2cdae8473308b4834cddf124f7f41fe8337135c775c7ff77bf0e,Apple___Apple_scab,Apple___healthy,0.9015561938285828,False,0.09165897965431213,0.005856732372194529,0.0009280758094973862,0.9015561938285828
C:\Users\gunn\Desktop\work\appleleaf\data\external_classification\kashmir\SCAB LEAVES\3085.jpg.jpeg,SCAB LEAVES/3085.jpg.jpeg,SCAB LEAVES,Apple___Apple_scab,0,e2b91699d9cdd443957a72e3258023dacbcc08fa51696eed55e3125aad121ddc,Apple___Apple_scab,Apple___healthy,0.694382905960083,False,0.3040310740470886,0.00156682962551713,1.916618930408731e-05,0.694382905960083
C:\Users\gunn\Desktop\work\appleleaf\data\external_classification\kashmir\SCAB LEAVES\3086.jpg.jpeg,SCAB LEAVES/3086.jpg.jpeg,SCAB LEAVES,Apple___Apple_scab,0,e2ce1defbb14445989659c5003d3b896c4f0e36302b782f7309a414b763847cc,Apple___Apple_scab,Apple___Apple_scab,0.5465596318244934,True,0.5465596318244934,0.013741057366132736,0.00010025969822891057,0.43959900736808777
C:\Users\gunn\Desktop\work\appleleaf\data\external_classification\kashmir\SCAB LEAVES\3087.jpg.jpeg,SCAB LEAVES/3087.jpg.jpeg,SCAB LEAVES,Apple___Apple_scab,0,a28ab47be7a936fd9a389e01429362af5ffcf9355bca34760250337cbd7bdfa9,Apple___Apple_scab,Apple___healthy,0.8105930685997009,False,0.1629726141691208,0.022091906517744064,0.004342459142208099,0.8105930685997009
C:\Users\gunn\Desktop\work\appleleaf\data\external_classification\kashmir\SCAB LEAVES\3091.jpg.jpeg,SCAB LEAVES/3091.jpg.jpeg,SCAB LEAVES,Apple___Apple_scab,0,f3654324f418051f4529ec61f430d82a4427e9817b7ee6f34770b094cff03efd,Apple___Apple_scab,Apple___healthy,0.4785817265510559,False,0.06465698033571243,0.09480828791856766,0.3619530200958252,0.4785817265510559
C:\Users\gunn\Desktop\work\appleleaf\data\external_classification\kashmir\SCAB LEAVES\3092.jpg.jpeg,SCAB LEAVES/3092.jpg.jpeg,SCAB LEAVES,Apple___Apple_scab,0,80d815bcb772fd70ffe650f5b27c30702f9311fe655d85b47b8578c8f95ad71f,Apple___Apple_scab,Apple___healthy,0.4287188947200775,False,0.14053089916706085,0.20006582140922546,0.23068436980247498,0.4287188947200775
C:\Users\gunn\Desktop\work\appleleaf\data\external_classification\kashmir\SCAB LEAVES\3093.jpg.jpeg,SCAB LEAVES/3093.jpg.jpeg,SCAB LEAVES,Apple___Apple_scab,0,d96b3866e5bde6dd2994c484db2c24486dd2807c860f8355fa13655b0d7d3773,Apple___Apple_scab,Apple___healthy,0.8774452209472656,False,0.0596969798207283,0.03826243430376053,0.02459530159831047,0.8774452209472656
C:\Users\gunn\Desktop\work\appleleaf\data\external_classification\kashmir\SCAB LEAVES\3094.jpg.jpeg,SCAB LEAVES/3094.jpg.jpeg,SCAB LEAVES,Apple___Apple_scab,0,fed2cf913f729e4f51bfc86a0d833af479c27e65d90ebf50e26697eb4951a9f3,Apple___Apple_scab,Apple___healthy,0.4653606712818146,False,0.04964205622673035,0.23612332344055176,0.24887391924858093,0.4653606712818146
C:\Users\gunn\Desktop\work\appleleaf\data\external_classification\kashmir\SCAB LEAVES\3095.jpg.jpeg,SCAB LEAVES/3095.jpg.jpeg,SCAB LEAVES,Apple___Apple_scab,0,ee79c8f412fdd4e529caf6262b589ba2850fb61875cc562f0e3a2836aad402d7,Apple___Apple_scab,Apple___healthy,0.632036566734314,False,0.044012490659952164,0.1252906769514084,0.19866029918193817,0.632036566734314
C:\Users\gunn\Desktop\work\appleleaf\data\external_classification\kashmir\SCAB LEAVES\3097.jpg.jpeg,SCAB LEAVES/3097.jpg.jpeg,SCAB LEAVES,Apple___Apple_scab,0,fcb6f4755ac7a17ae3356cac8ae95b9607f479fc81cc73b370bd04c8729eec48,Apple___Apple_scab,Apple___healthy,0.7715247273445129,False,0.07896879315376282,0.08203203231096268,0.0674743801355362,0.7715247273445129
C:\Users\gunn\Desktop\work\appleleaf\data\external_classification\kashmir\SCAB LEAVES\3098.jpg.jpeg,SCAB LEAVES/3098.jpg.jpeg,SCAB LEAVES,Apple___Apple_scab,0,63dcae2dd5ef4af5485d72e0820117a23936b3d5d618784ebffbf2ec6b426d4b,Apple___Apple_scab,Apple___healthy,0.7883775234222412,False,0.053934428840875626,0.08244898915290833,0.07523905485868454,0.7883775234222412
C:\Users\gunn\Desktop\work\appleleaf\data\external_classification\kashmir\SCAB LEAVES\3099.jpg.jpeg,SCAB LEAVES/3099.jpg.jpeg,SCAB LEAVES,Apple___Apple_scab,0,67833fcd0f34c297be8c0b509fe8a8280108f48f431708b369beb66fcbef67c1,Apple___Apple_scab,Apple___healthy,0.9211900234222412,False,0.035829097032547,0.024106686934828758,0.018874194473028183,0.9211900234222412
C:\Users\gunn\Desktop\work\appleleaf\data\external_classification\kashmir\SCAB LEAVES\4001.jpg.jpeg,SCAB LEAVES/4001.jpg.jpeg,SCAB LEAVES,Apple___Apple_scab,0,be818e4d2af8a22ca6b57ea3ce064fcd63e239fbded82f4253cc66676e237be5,Apple___Apple_scab,Apple___healthy,0.5106199383735657,False,0.09311026334762573,0.1922864466905594,0.20398341119289398,0.5106199383735657
C:\Users\gunn\Desktop\work\appleleaf\data\external_classification\kashmir\SCAB LEAVES\4003.JPG.jpeg,SCAB LEAVES/4003.JPG.jpeg,SCAB LEAVES,Apple___Apple_scab,0,954d4f9dab95ffe0915023d69b17b722f2f0bba283acbcd3fcdf0e3a4a79659f,Apple___Apple_scab,Apple___healthy,0.8434572219848633,False,0.0437309667468071,0.06325765699148178,0.04955410957336426,0.8434572219848633
C:\Users\gunn\Desktop\work\appleleaf\data\external_classification\kashmir\SCAB LEAVES\4004.jpg.jpeg,SCAB LEAVES/4004.jpg.jpeg,SCAB LEAVES,Apple___Apple_scab,0,d01d6adfe03e8081d7cf504aa1b39d02bb8d77939b08363bf2a3566659792ca5,Apple___Apple_scab,Apple___healthy,0.8501579761505127,False,0.04655841737985611,0.06044710800051689,0.04283653199672699,0.8501579761505127
C:\Users\gunn\Desktop\work\appleleaf\data\external_classification\kashmir\SCAB LEAVES\4006.jpg.jpeg,SCAB LEAVES/4006.jpg.jpeg,SCAB LEAVES,Apple___Apple_scab,0,c096e7881b44c0b64417035d94d606aa06c90541ab464b3b4d484be6cb840151,Apple___Apple_scab,Apple___healthy,0.8508502244949341,False,0.04838569089770317,0.05868489667773247,0.04207920655608177,0.8508502244949341
C:\Users\gunn\Desktop\work\appleleaf\data\external_classification\kashmir\SCAB LEAVES\4007.jpg.jpeg,SCAB LEAVES/4007.jpg.jpeg,SCAB LEAVES,Apple___Apple_scab,0,0de5e60e4a9d86800fd0e84aa6d8c906a895e6e9b0008af16324091e04195777,Apple___Apple_scab,Apple___healthy,0.45326200127601624,False,0.06238032877445221,0.15986523032188416,0.3244924247264862,0.45326200127601624
C:\Users\gunn\Desktop\work\appleleaf\data\external_classification\kashmir\SCAB LEAVES\4009.jpg.jpeg,SCAB LEAVES/4009.jpg.jpeg,SCAB LEAVES,Apple___Apple_scab,0,ce1730c934b677dd3a858dd2100ebdf09d3621207301c7e8294cc28b093dbef5,Apple___Apple_scab,Apple___healthy,0.44517409801483154,False,0.19250574707984924,0.243599072098732,0.118721142411232,0.44517409801483154
C:\Users\gunn\Desktop\work\appleleaf\data\external_classification\kashmir\SCAB LEAVES\4010.jpg.jpeg,SCAB LEAVES/4010.jpg.jpeg,SCAB LEAVES,Apple___Apple_scab,0,21c112fffc0b6ce6a15f9e024ff084952b13deb3dc60802db6c9820be221b68d,Apple___Apple_scab,Apple___Apple_scab,0.9197692275047302,True,0.9197692275047302,0.04312758892774582,0.0012097398284822702,0.035893458873033524
C:\Users\gunn\Desktop\work\appleleaf\data\external_classification\kashmir\SCAB LEAVES\4013.jpg.jpeg,SCAB LEAVES/4013.jpg.jpeg,SCAB LEAVES,Apple___Apple_scab,0,56131895dc6ea9d1cefe5e5117c836c6b206b8e43e4595b98ea7d2062d1c6411,Apple___Apple_scab,Apple___healthy,0.9130456447601318,False,0.054552871733903885,0.023720217868685722,0.008681206032633781,0.9130456447601318
C:\Users\gunn\Desktop\work\appleleaf\data\external_classification\kashmir\SCAB LEAVES\4014.jpg.jpeg,SCAB LEAVES/4014.jpg.jpeg,SCAB LEAVES,Apple___Apple_scab,0,f2b45bf6d614a2a2ac1a1686f45242b5a084dd149368bffb1fe857f9120e8021,Apple___Apple_scab,Apple___healthy,0.8862622976303101,False,0.11330902576446533,0.00042429284076206386,4.414914656081237e-06,0.8862622976303101
C:\Users\gunn\Desktop\work\appleleaf\data\external_classification\kashmir\SCAB LEAVES\4015.jpg.jpeg,SCAB LEAVES/4015.jpg.jpeg,SCAB LEAVES,Apple___Apple_scab,0,0bd13072569a17a930ac2d2eefa309aabe41b1b5650448c7d88606c151e6140f,Apple___Apple_scab,Apple___Apple_scab,0.9493395090103149,True,0.9493395090103149,0.03478262573480606,0.013600345700979233,0.002277544466778636
C:\Users\gunn\Desktop\work\appleleaf\data\external_classification\kashmir\SCAB LEAVES\4016.jpg.jpeg,SCAB LEAVES/4016.jpg.jpeg,SCAB LEAVES,Apple___Apple_scab,0,d89ec074342d4d9d2757b324bf1d66a1f69d1da7adeb501348e3d04849483491,Apple___Apple_scab,Apple___Apple_scab,0.5089510679244995,True,0.5089510679244995,0.07867827266454697,0.009669128805398941,0.4027015268802643
C:\Users\gunn\Desktop\work\appleleaf\data\external_classification\kashmir\SCAB LEAVES\4017.jpg.jpeg,SCAB LEAVES/4017.jpg.jpeg,SCAB LEAVES,Apple___Apple_scab,0,4938e8b6334cc80f73e2b8816cf13d7cacaf3bf25db56a1e6b4a7017cdb155fa,Apple___Apple_scab,Apple___healthy,0.642357587814331,False,0.20954939723014832,0.06259043514728546,0.08550260961055756,0.642357587814331
C:\Users\gunn\Desktop\work\appleleaf\data\external_classification\kashmir\SCAB LEAVES\4019.jpg.jpeg,SCAB LEAVES/4019.jpg.jpeg,SCAB LEAVES,Apple___Apple_scab,0,431ba568e2398650cc446e14171f920dfb7659cbfd0a949cf3b0ea6f23b707e7,Apple___Apple_scab,Apple___healthy,0.8875532150268555,False,0.11211679875850677,0.0003255399642512202,4.46109061158495e-06,0.8875532150268555
C:\Users\gunn\Desktop\work\appleleaf\data\external_classification\kashmir\SCAB LEAVES\4020.jpg.jpeg,SCAB LEAVES/4020.jpg.jpeg,SCAB LEAVES,Apple___Apple_scab,0,bcf9bec84a6c793959dbb663390501ee44a6a3047a9c96a790bf6f2b3494f1b4,Apple___Apple_scab,Apple___healthy,0.9331935048103333,False,0.05359813570976257,0.0097081009298563,0.003500233171507716,0.9331935048103333
C:\Users\gunn\Desktop\work\appleleaf\data\external_classification\kashmir\SCAB LEAVES\4021.jpg.jpeg,SCAB LEAVES/4021.jpg.jpeg,SCAB LEAVES,Apple___Apple_scab,0,14f4e505966cb23f24b8860ecb800699a2764514e83c8a78d39b617f3deed2e5,Apple___Apple_scab,Apple___healthy,0.5330331325531006,False,0.41687318682670593,0.04595622047781944,0.004137482028454542,0.5330331325531006
C:\Users\gunn\Desktop\work\appleleaf\data\external_classification\kashmir\SCAB LEAVES\4022.jpg.jpeg,SCAB LEAVES/4022.jpg.jpeg,SCAB LEAVES,Apple___Apple_scab,0,49193d7f19a9c01496ebda2a2de5f8fd2062b8317c697a4af66469ed5e0a92d1,Apple___Apple_scab,Apple___Apple_scab,0.4553534984588623,True,0.4553534984588623,0.11912401020526886,0.010379803366959095,0.41514259576797485
C:\Users\gunn\Desktop\work\appleleaf\data\external_classification\kashmir\SCAB LEAVES\4023.jpg.jpeg,SCAB LEAVES/4023.jpg.jpeg,SCAB LEAVES,Apple___Apple_scab,0,874721db117db6da9ec820104b5352d610b5c403f6b85cf8aead78d16548cb6a,Apple___Apple_scab,Apple___healthy,0.8607747554779053,False,0.1390572041273117,0.0001655945961829275,2.4052567368926248e-06,0.8607747554779053
C:\Users\gunn\Desktop\work\appleleaf\data\external_classification\kashmir\SCAB LEAVES\4024.jpg.jpeg,SCAB LEAVES/4024.jpg.jpeg,SCAB LEAVES,Apple___Apple_scab,0,1d6f9e22bb755eadad2f7ca3b3b958a759620d8ce1af53af273a7aa028d5bedc,Apple___Apple_scab,Apple___healthy,0.8983487486839294,False,0.10017308592796326,0.0012758681550621986,0.00020226420019753277,0.8983487486839294
C:\Users\gunn\Desktop\work\appleleaf\data\external_classification\kashmir\SCAB LEAVES\4025.jpg.jpeg,SCAB LEAVES/4025.jpg.jpeg,SCAB LEAVES,Apple___Apple_scab,0,393ae0034097dbcd51260c1c6f19ae23db73193527f2a6b0ab2e68383946cfc9,Apple___Apple_scab,Apple___healthy,0.7805365920066833,False,0.21382330358028412,0.005412210710346699,0.00022793037351220846,0.7805365920066833
C:\Users\gunn\Desktop\work\appleleaf\data\external_classification\kashmir\SCAB LEAVES\4030.jpg.jpeg,SCAB LEAVES/4030.jpg.jpeg,SCAB LEAVES,Apple___Apple_scab,0,4b93936d901ef3ee344a0ae793d9a65b3393beff59e519dfddf52b1d146d6128,Apple___Apple_scab,Apple___healthy,0.7787153124809265,False,0.195521742105484,0.022786898538470268,0.002975991927087307,0.7787153124809265
C:\Users\gunn\Desktop\work\appleleaf\data\external_classification\kashmir\SCAB LEAVES\4033.jpg.jpeg,SCAB LEAVES/4033.jpg.jpeg,SCAB LEAVES,Apple___Apple_scab,0,35fd032ccf222a31519d481a287eba867c20d8c4549918ee5cfbce7ca1b50389,Apple___Apple_scab,Apple___Apple_scab,0.7155594825744629,True,0.7155594825744629,0.0613221600651741,0.09041482955217361,0.13270354270935059
C:\Users\gunn\Desktop\work\appleleaf\data\external_classification\kashmir\SCAB LEAVES\4044.jpg.jpeg,SCAB LEAVES/4044.jpg.jpeg,SCAB LEAVES,Apple___Apple_scab,0,c5a2635a6593d1eaaac8268619fa7fa4fc8ae7504b01c761790b5faab1609178,Apple___Apple_scab,Apple___healthy,0.845413088798523,False,0.14410239458084106,0.007987228222191334,0.002497244393453002,0.845413088798523
C:\Users\gunn\Desktop\work\appleleaf\data\external_classification\kashmir\SCAB LEAVES\4045.jpg.jpeg,SCAB LEAVES/4045.jpg.jpeg,SCAB LEAVES,Apple___Apple_scab,0,311879efed0ad11e4df46f60bf1ea5266e186f28be87bd248d681ff151d1e68f,Apple___Apple_scab,Apple___healthy,0.8868129849433899,False,0.1091700866818428,0.003673191647976637,0.00034374650567770004,0.8868129849433899
C:\Users\gunn\Desktop\work\appleleaf\data\external_classification\kashmir\SCAB LEAVES\4046.jpg.jpeg,SCAB LEAVES/4046.jpg.jpeg,SCAB LEAVES,Apple___Apple_scab,0,45137a043af9f798856279fc5196f42e0e86a63bfb191963d3c9cf9fa5cf6644,Apple___Apple_scab,Apple___healthy,0.947746217250824,False,0.05205554887652397,0.00019065194646827877,7.562907285318943e-06,0.947746217250824
C:\Users\gunn\Desktop\work\appleleaf\data\external_classification\kashmir\SCAB LEAVES\4047.jpg.jpeg,SCAB LEAVES/4047.jpg.jpeg,SCAB LEAVES,Apple___Apple_scab,0,035cf4dcafb467964c77b337e55f2c37df210855c7463b58d90749d26bc7c0eb,Apple___Apple_scab,Apple___Apple_scab,0.9248576760292053,True,0.9248576760292053,0.0709705799818039,8.423076360486448e-05,0.004087438341230154
C:\Users\gunn\Desktop\work\appleleaf\data\external_classification\kashmir\SCAB LEAVES\4051.jpg.jpeg,SCAB LEAVES/4051.jpg.jpeg,SCAB LEAVES,Apple___Apple_scab,0,df790991fc7b70ca9069ce6047e404eab10bfe9634c163560ccf6240b533e5e0,Apple___Apple_scab,Apple___Cedar_apple_rust,0.5104690194129944,False,0.053431186825037,0.053258687257766724,0.5104690194129944,0.3828411102294922
C:\Users\gunn\Desktop\work\appleleaf\data\external_classification\kashmir\SCAB LEAVES\4052.jpg.jpeg,SCAB LEAVES/4052.jpg.jpeg,SCAB LEAVES,Apple___Apple_scab,0,e6e63f13e9eb5ecdc743e9f1d50457c20a8612bd9f5a97619fc35023d3e15847,Apple___Apple_scab,Apple___Cedar_apple_rust,0.5033156871795654,False,0.04557309299707413,0.055308230221271515,0.5033156871795654,0.39580294489860535
C:\Users\gunn\Desktop\work\appleleaf\data\external_classification\kashmir\SCAB LEAVES\4053.jpg.jpeg,SCAB LEAVES/4053.jpg.jpeg,SCAB LEAVES,Apple___Apple_scab,0,a01ff8cb13d1c382a7a0cfb83f653d720babf511a4f4d02fcfb197b944828f14,Apple___Apple_scab,Apple___Cedar_apple_rust,0.5846577286720276,False,0.08508159965276718,0.030944928526878357,0.5846577286720276,0.29931578040122986
C:\Users\gunn\Desktop\work\appleleaf\data\external_classification\kashmir\SCAB LEAVES\4059.jpg.jpeg,SCAB LEAVES/4059.jpg.jpeg,SCAB LEAVES,Apple___Apple_scab,0,ea7a9ace06f46ae82ce65c3a5f77221a5793bf88eaa262bda892e1e6f868b2c6,Apple___Apple_scab,Apple___Cedar_apple_rust,0.5809075832366943,False,0.05975114181637764,0.03507328778505325,0.5809075832366943,0.3242679834365845
C:\Users\gunn\Desktop\work\appleleaf\data\external_classification\kashmir\SCAB LEAVES\4060.jpg.jpeg,SCAB LEAVES/4060.jpg.jpeg,SCAB LEAVES,Apple___Apple_scab,0,31aae26c475ee25ca961011e659ae1c6de2e50d5e64bd1a5c73c0001c3dc3eae,Apple___Apple_scab,Apple___Cedar_apple_rust,0.4726751148700714,False,0.05589539557695389,0.04995345696806908,0.4726751148700714,0.42147597670555115
C:\Users\gunn\Desktop\work\appleleaf\data\external_classification\kashmir\SCAB LEAVES\4062.jpg.jpeg,SCAB LEAVES/4062.jpg.jpeg,SCAB LEAVES,Apple___Apple_scab,0,1f3011edae615b38c6a356a17eda9868412c1976b3188f783d0048945c333505,Apple___Apple_scab,Apple___Cedar_apple_rust,0.5916618704795837,False,0.060300033539533615,0.03311080113053322,0.5916618704795837,0.31492725014686584
C:\Users\gunn\Desktop\work\appleleaf\data\external_classification\kashmir\SCAB LEAVES\4063.jpg.jpeg,SCAB LEAVES/4063.jpg.jpeg,SCAB LEAVES,Apple___Apple_scab,0,c2751db3699108983f79e301586ea9df991ad9eadd8980adc29baf3a908bc42a,Apple___Apple_scab,Apple___Cedar_apple_rust,0.4968908727169037,False,0.04981061816215515,0.05090800300240517,0.4968908727169037,0.4023905098438263
C:\Users\gunn\Desktop\work\appleleaf\data\external_classification\kashmir\SCAB LEAVES\4064.jpg.jpeg,SCAB LEAVES/4064.jpg.jpeg,SCAB LEAVES,Apple___Apple_scab,0,17cef2df7af75b1f485ca7a94899ead43a4daecb2e27b0b2c5de4a46380339b1,Apple___Apple_scab,Apple___healthy,0.4505124092102051,False,0.0580376461148262,0.056311942636966705,0.4351380169391632,0.4505124092102051
C:\Users\gunn\Desktop\work\appleleaf\data\external_classification\kashmir\SCAB LEAVES\4066.jpg.jpeg,SCAB LEAVES/4066.jpg.jpeg,SCAB LEAVES,Apple___Apple_scab,0,6cd8ad13d8ad507a921379f79cee6ae485028ccdc4dccb0a160cc8a4f717e2b3,Apple___Apple_scab,Apple___healthy,0.5415635108947754,False,0.04565573111176491,0.07001792639493942,0.3427627682685852,0.5415635108947754
C:\Users\gunn\Desktop\work\appleleaf\data\external_classification\kashmir\SCAB LEAVES\4067.jpg.jpeg,SCAB LEAVES/4067.jpg.jpeg,SCAB LEAVES,Apple___Apple_scab,0,3f90774014488cdd88bdfeeb2fe6936e7fbbfd88eca3aa264c8a479f1ad27718,Apple___Apple_scab,Apple___Cedar_apple_rust,0.47545933723449707,False,0.05309728533029556,0.04957913979887962,0.47545933723449707,0.42186424136161804
C:\Users\gunn\Desktop\work\appleleaf\data\external_classification\kashmir\SCAB LEAVES\4069.jpg.jpeg,SCAB LEAVES/4069.jpg.jpeg,SCAB LEAVES,Apple___Apple_scab,0,58bb3f0bc5d119ddd293477f26061650f98fa6cc14dd9e44dd26dab518086f5e,Apple___Apple_scab,Apple___Cedar_apple_rust,0.5029661655426025,False,0.05932963266968727,0.06031892076134682,0.5029661655426025,0.3773852586746216
C:\Users\gunn\Desktop\work\appleleaf\data\external_classification\kashmir\SCAB LEAVES\4070.jpg.jpeg,SCAB LEAVES/4070.jpg.jpeg,SCAB LEAVES,Apple___Apple_scab,0,1cbbd8ecec0cad88fd24dbba0795d6a94bb58d40430553180f53e7618c1cc73f,Apple___Apple_scab,Apple___Cedar_apple_rust,0.4919896125793457,False,0.06017657741904259,0.0609593465924263,0.4919896125793457,0.3868745267391205
C:\Users\gunn\Desktop\work\appleleaf\data\external_classification\kashmir\SCAB LEAVES\4071.jpg.jpeg,SCAB LEAVES/4071.jpg.jpeg,SCAB LEAVES,Apple___Apple_scab,0,e0652460ba8f0e341137756569f0f43b763d228e8d5e55012ddc62ad81207179,Apple___Apple_scab,Apple___Cedar_apple_rust,0.5515207648277283,False,0.052736908197402954,0.04240817204117775,0.5515207648277283,0.35333409905433655
C:\Users\gunn\Desktop\work\appleleaf\data\external_classification\kashmir\SCAB LEAVES\4076.jpg.jpeg,SCAB LEAVES/4076.jpg.jpeg,SCAB LEAVES,Apple___Apple_scab,0,8e45a9e24819a2a71c120f6ad1261986a576963341a8975ffe41534e1d6991b0,Apple___Apple_scab,Apple___healthy,0.4494421184062958,False,0.06655196845531464,0.03891724348068237,0.445088654756546,0.4494421184062958
C:\Users\gunn\Desktop\work\appleleaf\data\external_classification\kashmir\SCAB LEAVES\4077.jpg.jpeg,SCAB LEAVES/4077.jpg.jpeg,SCAB LEAVES,Apple___Apple_scab,0,c90a661e10d84094a113b09b921b021ac09da2e33954914220e12c5721f94183,Apple___Apple_scab,Apple___Cedar_apple_rust,0.5798102617263794,False,0.0558154471218586,0.030792079865932465,0.5798102617263794,0.3335821330547333
C:\Users\gunn\Desktop\work\appleleaf\data\external_classification\kashmir\SCAB LEAVES\4078.jpg.jpeg,SCAB LEAVES/4078.jpg.jpeg,SCAB LEAVES,Apple___Apple_scab,0,a7c1a6e9d56ccac2d7a663292ba437d73265b810199f11c1fa97114e6fa9f4e2,Apple___Apple_scab,Apple___Cedar_apple_rust,0.4552840292453766,False,0.06496849656105042,0.044679611921310425,0.4552840292453766,0.43506792187690735
C:\Users\gunn\Desktop\work\appleleaf\data\external_classification\kashmir\SCAB LEAVES\4081.jpg.jpeg,SCAB LEAVES/4081.jpg.jpeg,SCAB LEAVES,Apple___Apple_scab,0,9c99146504c5834cb0a83f8476346efad4cc9e43d956aa1b3d766c3b456f46f3,Apple___Apple_scab,Apple___Cedar_apple_rust,0.5745871663093567,False,0.06913841515779495,0.028696943074464798,0.5745871663093567,0.3275775611400604
C:\Users\gunn\Desktop\work\appleleaf\data\external_classification\kashmir\SCAB LEAVES\4083.jpg.jpeg,SCAB LEAVES/4083.jpg.jpeg,SCAB LEAVES,Apple___Apple_scab,0,97f074f45117c4b86aa75d2e137ad86e50f05ffe29f5e3ddac1b0f1fce2f78f9,Apple___Apple_scab,Apple___Cedar_apple_rust,0.5777285695075989,False,0.06615865230560303,0.03450990468263626,0.5777285695075989,0.32160288095474243
C:\Users\gunn\Desktop\work\appleleaf\data\external_classification\kashmir\SCAB LEAVES\4086.jpg.jpeg,SCAB LEAVES/4086.jpg.jpeg,SCAB LEAVES,Apple___Apple_scab,0,7d4f0d1974180f88e44d7ddfec6332614c87663588c7b4fb67aed21f11558e1e,Apple___Apple_scab,Apple___Cedar_apple_rust,0.4721761643886566,False,0.4246279299259186,0.020390920341014862,0.4721761643886566,0.08280497789382935
C:\Users\gunn\Desktop\work\appleleaf\data\external_classification\kashmir\SCAB LEAVES\4087.jpg.jpeg,SCAB LEAVES/4087.jpg.jpeg,SCAB LEAVES,Apple___Apple_scab,0,d6ec265690c9ac7766e0bfc2e29bdc317385123ee4be867b65132dc6b9f9be17,Apple___Apple_scab,Apple___Cedar_apple_rust,0.567177414894104,False,0.35299500823020935,0.013740109279751778,0.567177414894104,0.06608740240335464
C:\Users\gunn\Desktop\work\appleleaf\data\external_classification\kashmir\SCAB LEAVES\4097.jpg.jpeg,SCAB LEAVES/4097.jpg.jpeg,SCAB LEAVES,Apple___Apple_scab,0,edf80e33971d4aedb80aeeb8391e88d80ac0cde3ec0fe1408285bf7552122295,Apple___Apple_scab,Apple___Cedar_apple_rust,0.784048318862915,False,0.14604054391384125,0.005160557571798563,0.784048318862915,0.0647505670785904
C:\Users\gunn\Desktop\work\appleleaf\data\external_classification\kashmir\SCAB LEAVES\4098.jpg.jpeg,SCAB LEAVES/4098.jpg.jpeg,SCAB LEAVES,Apple___Apple_scab,0,3196b949546ba3692c40784d4afd7a599acde4392804b780cec4c3732549f62b,Apple___Apple_scab,Apple___Cedar_apple_rust,0.5726070404052734,False,0.06211196631193161,0.03395967185497284,0.5726070404052734,0.3313214182853699
C:\Users\gunn\Desktop\work\appleleaf\data\external_classification\kashmir\SCAB LEAVES\4099.jpg.jpeg,SCAB LEAVES/4099.jpg.jpeg,SCAB LEAVES,Apple___Apple_scab,0,f417f64c962df14ab8373a1739de027ecb8e09e747835bd8fd42437637013826,Apple___Apple_scab,Apple___Cedar_apple_rust,0.5066475868225098,False,0.05825851112604141,0.045206502079963684,0.5066475868225098,0.38988742232322693
C:\Users\gunn\Desktop\work\appleleaf\data\external_classification\kashmir\SCAB LEAVES\5001.jpg.jpeg,SCAB LEAVES/5001.jpg.jpeg,SCAB LEAVES,Apple___Apple_scab,0,a9a4bb3dbea92133bee262c98ba12ee837494628b8f3fb2430f4c980b3088351,Apple___Apple_scab,Apple___Cedar_apple_rust,0.5455663800239563,False,0.06356898695230484,0.035311777144670486,0.5455663800239563,0.3555527925491333
