path,relative_path,source_folder,class_name,label,sha256
C:\Users\gunn\Desktop\work\appleleaf\data\external_classification\kashmir\APPLE ROT LEAVES\1079.jpg.jpeg,APPLE ROT LEAVES/1079.jpg.jpeg,APPLE ROT LEAVES,Apple___Black_rot,1,00bd114e72a4f091c996ccf73b0ded4272413cfcd5622f47315b842b8111eca9
C:\Users\gunn\Desktop\work\appleleaf\data\external_classification\kashmir\APPLE ROT LEAVES\1080.jpg.jpeg,APPLE ROT LEAVES/1080.jpg.jpeg,APPLE ROT LEAVES,Apple___Black_rot,1,04e602a7e696f68210a9ddcca1d0c0d9a084f92cde009b03185514d34e880c9b
C:\Users\gunn\Desktop\work\appleleaf\data\external_classification\kashmir\APPLE ROT LEAVES\1082.jpg.jpeg,APPLE ROT LEAVES/1082.jpg.jpeg,APPLE ROT LEAVES,Apple___Black_rot,1,9dde43a47001485cb9fa9bb59d7130c14f698554cbc0b320875530026b55076d
C:\Users\gunn\Desktop\work\appleleaf\data\external_classification\kashmir\APPLE ROT LEAVES\1084.jpg.jpeg,APPLE ROT LEAVES/1084.jpg.jpeg,APPLE ROT LEAVES,Apple___Black_rot,1,40c436e80ad2714fb5c4e9e4b9178d0072d1aba864ec3fe1d18f95f0bb0f7e63
C:\Users\gunn\Desktop\work\appleleaf\data\external_classification\kashmir\APPLE ROT LEAVES\1086.jpg.jpeg,APPLE ROT LEAVES/1086.jpg.jpeg,APPLE ROT LEAVES,Apple___Black_rot,1,bbbfb532e65ffffc093b66539c0584de70af54125670fe73a481cfb5f6327a76
C:\Users\gunn\Desktop\work\appleleaf\data\external_classification\kashmir\APPLE ROT LEAVES\1092.jpg.jpeg,APPLE ROT LEAVES/1092.jpg.jpeg,APPLE ROT LEAVES,Apple___Black_rot,1,b98135f8163727c226e02271864f6d1924cc2af0b596e9d2417135f9f92c5af7
C:\Users\gunn\Desktop\work\appleleaf\data\external_classification\kashmir\APPLE ROT LEAVES\1094.jpg.jpeg,APPLE ROT LEAVES/1094.jpg.jpeg,APPLE ROT LEAVES,Apple___Black_rot,1,95e43cf995b12bae0146f73a6ebf862747f5bb7de9e0cf9728755b0a2688c3a5
C:\Users\gunn\Desktop\work\appleleaf\data\external_classification\kashmir\APPLE ROT LEAVES\1095.jpg.jpeg,APPLE ROT LEAVES/1095.jpg.jpeg,APPLE ROT LEAVES,Apple___Black_rot,1,9f6b52465205146518cc6259ee88f4dd8850d3b82310842072b2fa6910365e08
C:\Users\gunn\Desktop\work\appleleaf\data\external_classification\kashmir\APPLE ROT LEAVES\1096.jpg.jpeg,APPLE ROT LEAVES/1096.jpg.jpeg,APPLE ROT LEAVES,Apple___Black_rot,1,0003a4de69d4556c917192eacd82ee3621126637db9ff09ed717d27bd811256d
C:\Users\gunn\Desktop\work\appleleaf\data\external_classification\kashmir\APPLE ROT LEAVES\1098.jpg.jpeg,APPLE ROT LEAVES/1098.jpg.jpeg,APPLE ROT LEAVES,Apple___Black_rot,1,32c4ba87663ab75a81d80e26e1c2d2b48fe1ac97e74b602ace6c810ec50c2c08
C:\Users\gunn\Desktop\work\appleleaf\data\external_classification\kashmir\APPLE ROT LEAVES\2000.jpg.jpeg,APPLE ROT LEAVES/2000.jpg.jpeg,APPLE ROT LEAVES,Apple___Black_rot,1,f13e66ff7d4ce706cf631d0fbb1d90faff8da1d9be30771c5840106c67530674
C:\Users\gunn\Desktop\work\appleleaf\data\external_classification\kashmir\APPLE ROT LEAVES\2005.jpg.jpeg,APPLE ROT LEAVES/2005.jpg.jpeg,APPLE ROT LEAVES,Apple___Black_rot,1,ca086a70602e5538e8f1ed6e9f03becd90015499993d7b7e34725c380e9da7ca
C:\Users\gunn\Desktop\work\appleleaf\data\external_classification\kashmir\APPLE ROT LEAVES\2006.jpg.jpeg,APPLE ROT LEAVES/2006.jpg.jpeg,APPLE ROT LEAVES,Apple___Black_rot,1,5b5c97f9cea311da8f88092a5f01c4b47dbdab87a1225c7a9d1daf9af1a7fd46
C:\Users\gunn\Desktop\work\appleleaf\data\external_classification\kashmir\APPLE ROT LEAVES\2010.jpg.jpeg,APPLE ROT LEAVES/2010.jpg.jpeg,APPLE ROT LEAVES,Apple___Black_rot,1,eb69eb87f70a8cee08247e4bd9119bd397407a8cf6315953d1ee7db3a8ff1c6a
C:\Users\gunn\Desktop\work\appleleaf\data\external_classification\kashmir\APPLE ROT LEAVES\2012.jpg.jpeg,APPLE ROT LEAVES/2012.jpg.jpeg,APPLE ROT LEAVES,Apple___Black_rot,1,00d192eb784dd3b5805a63e6aa8edef0614a62e61a2ba4b72f663030cdc211a9
C:\Users\gunn\Desktop\work\appleleaf\data\external_classification\kashmir\APPLE ROT LEAVES\2014.jpg.jpeg,APPLE ROT LEAVES/2014.jpg.jpeg,APPLE ROT LEAVES,Apple___Black_rot,1,04a1f251d5e16475bec31971c8191be79b58afcda250b093ec85e32eff5fbd3a
C:\Users\gunn\Desktop\work\appleleaf\data\external_classification\kashmir\APPLE ROT LEAVES\2015.jpg.jpeg,APPLE ROT LEAVES/2015.jpg.jpeg,APPLE ROT LEAVES,Apple___Black_rot,1,b0ac9dce52d9777106e1c9a651ce3a099f9487c395558c8109c66aca2b3847c9
C:\Users\gunn\Desktop\work\appleleaf\data\external_classification\kashmir\APPLE ROT LEAVES\2016.jpg.jpeg,APPLE ROT LEAVES/2016.jpg.jpeg,APPLE ROT LEAVES,Apple___Black_rot,1,816b6ca54a8c45368a12fd931b07715d9874e789a80d72fb524426c9b26bf344
C:\Users\gunn\Desktop\work\appleleaf\data\external_classification\kashmir\APPLE ROT LEAVES\2018.jpg.jpeg,APPLE ROT LEAVES/2018.jpg.jpeg,APPLE ROT LEAVES,Apple___Black_rot,1,ea6cbba3f6c8ed3499e14d161f4f096d9048dcbc59d7ee99b96854971399925d
C:\Users\gunn\Desktop\work\appleleaf\data\external_classification\kashmir\APPLE ROT LEAVES\2023.jpg.jpeg,APPLE ROT LEAVES/2023.jpg.jpeg,APPLE ROT LEAVES,Apple___Black_rot,1,925a578257c5f3a04e4dcde3a5873d1bc7d4a0d97f8a0bd205bd7ea25c01c2c0
C:\Users\gunn\Desktop\work\appleleaf\data\external_classification\kashmir\APPLE ROT LEAVES\2024.jpg.jpeg,APPLE ROT LEAVES/2024.jpg.jpeg,APPLE ROT LEAVES,Apple___Black_rot,1,5b7d24acd5e993df5a199309a0b22264b8e6ea767c5acf69d647a71816b08b38
C:\Users\gunn\Desktop\work\appleleaf\data\external_classification\kashmir\APPLE ROT LEAVES\2026.jpg.jpeg,APPLE ROT LEAVES/2026.jpg.jpeg,APPLE ROT LEAVES,Apple___Black_rot,1,7f524d8f52039427c89078980b050b9b034120d0d6acf95dc1e817af386e3b2a
C:\Users\gunn\Desktop\work\appleleaf\data\external_classification\kashmir\APPLE ROT LEAVES\2028.jpg.jpeg,APPLE ROT LEAVES/2028.jpg.jpeg,APPLE ROT LEAVES,Apple___Black_rot,1,7624dbe643b7d856517815537831b74efde01f9bf3db1fa6e029d31392c08819
C:\Users\gunn\Desktop\work\appleleaf\data\external_classification\kashmir\APPLE ROT LEAVES\2029.jpg.jpeg,APPLE ROT LEAVES/2029.jpg.jpeg,APPLE ROT LEAVES,Apple___Black_rot,1,947a55ddd8321bec2e2d0312c8dc4796a3a877fd2dd1571e6dc818c4caeca9bc
C:\Users\gunn\Desktop\work\appleleaf\data\external_classification\kashmir\APPLE ROT LEAVES\2031.jpg.jpeg,APPLE ROT LEAVES/2031.jpg.jpeg,APPLE ROT LEAVES,Apple___Black_rot,1,620390e55ef982076d097218160f577fb7bce59f988f8fe7ee267939cee067b1
C:\Users\gunn\Desktop\work\appleleaf\data\external_classification\kashmir\APPLE ROT LEAVES\2032.jpg.jpeg,APPLE ROT LEAVES/2032.jpg.jpeg,APPLE ROT LEAVES,Apple___Black_rot,1,a59b40abcfc9c117ed7b618e43a4879683fd5083a99d523f2579b9a7ea86142b
C:\Users\gunn\Desktop\work\appleleaf\data\external_classification\kashmir\APPLE ROT LEAVES\2034.jpg.jpeg,APPLE ROT LEAVES/2034.jpg.jpeg,APPLE ROT LEAVES,Apple___Black_rot,1,e3d2b656e7a7a09e3668e0105282c94002deab2fd4ee37b8f275b1c52e60f3c3
C:\Users\gunn\Desktop\work\appleleaf\data\external_classification\kashmir\APPLE ROT LEAVES\2035.jpg.jpeg,APPLE ROT LEAVES/2035.jpg.jpeg,APPLE ROT LEAVES,Apple___Black_rot,1,99ada920e3f20dd14c2c73d368fc096d298190779427ef72232f44b24ad66f8f
C:\Users\gunn\Desktop\work\appleleaf\data\external_classification\kashmir\APPLE ROT LEAVES\2037.jpg.jpeg,APPLE ROT LEAVES/2037.jpg.jpeg,APPLE ROT LEAVES,Apple___Black_rot,1,51c45e9ebe41ac866e957b838cc3433b0f7a13deca7150c6c43689836ca03f2f
C:\Users\gunn\Desktop\work\appleleaf\data\external_classification\kashmir\APPLE ROT LEAVES\2040.jpg.jpeg,APPLE ROT LEAVES/2040.jpg.jpeg,APPLE ROT LEAVES,Apple___Black_rot,1,a6656f33c24d520a079b599b3f8b065aa4f3c761e6287b6e919ca8e990fcd291
C:\Users\gunn\Desktop\work\appleleaf\data\external_classification\kashmir\APPLE ROT LEAVES\2046.jpg.jpeg,APPLE ROT LEAVES/2046.jpg.jpeg,APPLE ROT LEAVES,Apple___Black_rot,1,9c1dece59b1ca4c2176c9f5c3cbc40c3e2539578866bb03b25412790b378d46c
C:\Users\gunn\Desktop\work\appleleaf\data\external_classification\kashmir\APPLE ROT LEAVES\2049.jpg.jpeg,APPLE ROT LEAVES/2049.jpg.jpeg,APPLE ROT LEAVES,Apple___Black_rot,1,53aaba7561385a3cea7bfd8502f9ca52b2b6b4655257bbc13ffec0ef2c8f07b5
C:\Users\gunn\Desktop\work\appleleaf\data\external_classification\kashmir\APPLE ROT LEAVES\2060.jpg.jpeg,APPLE ROT LEAVES/2060.jpg.jpeg,APPLE ROT LEAVES,Apple___Black_rot,1,79bde582c7fd8b92d38fa6ef0863175d4ad428b6bc4ad16c710cfa87155b825b
C:\Users\gunn\Desktop\work\appleleaf\data\external_classification\kashmir\APPLE ROT LEAVES\2098.jpg.jpeg,APPLE ROT LEAVES/2098.jpg.jpeg,APPLE ROT LEAVES,Apple___Black_rot,1,90fe7fee441e7b606e216d2ae120b95e5f72ec987ecc2314ff7523f84bdc9556
C:\Users\gunn\Desktop\work\appleleaf\data\external_classification\kashmir\APPLE ROT LEAVES\3005.jpg.jpeg,APPLE ROT LEAVES/3005.jpg.jpeg,APPLE ROT LEAVES,Apple___Black_rot,1,51c94f86ecec5f6b9ebeb321dce1c3f6ed84b178bd26414e2c8de696e6e9de6c
C:\Users\gunn\Desktop\work\appleleaf\data\external_classification\kashmir\APPLE ROT LEAVES\3007.jpg.jpeg,APPLE ROT LEAVES/3007.jpg.jpeg,APPLE ROT LEAVES,Apple___Black_rot,1,59c464c478a7f3d01af63db55ab30815e10c392079c3481d3e107a83dbb54ba1
C:\Users\gunn\Desktop\work\appleleaf\data\external_classification\kashmir\APPLE ROT LEAVES\3008.jpg.jpeg,APPLE ROT LEAVES/3008.jpg.jpeg,APPLE ROT LEAVES,Apple___Black_rot,1,cede7272517049ad154d186a82f5b328d74fe9c9f26e1ca5fb4b9415e5bea1e8
C:\Users\gunn\Desktop\work\appleleaf\data\external_classification\kashmir\APPLE ROT LEAVES\3010.jpg.jpeg,APPLE ROT LEAVES/3010.jpg.jpeg,APPLE ROT LEAVES,Apple___Black_rot,1,69a8dedeb4c5a8331cfb25ad241baab88925357d1a1028fd9306295b45d832d9
C:\Users\gunn\Desktop\work\appleleaf\data\external_classification\kashmir\APPLE ROT LEAVES\3027.JPG.jpeg,APPLE ROT LEAVES/3027.JPG.jpeg,APPLE ROT LEAVES,Apple___Black_rot,1,1d3d0aa04ae19dc8a534724bce68b1d47f84bd00d151e4c3e3400b124c9060aa
C:\Users\gunn\Desktop\work\appleleaf\data\external_classification\kashmir\APPLE ROT LEAVES\3031.JPG.jpeg,APPLE ROT LEAVES/3031.JPG.jpeg,APPLE ROT LEAVES,Apple___Black_rot,1,8ce60f5befd63bbf62032ce20b89b67309a9c2d7d943ac102bb297c0e035d237
C:\Users\gunn\Desktop\work\appleleaf\data\external_classification\kashmir\APPLE ROT LEAVES\3032.JPG.jpeg,APPLE ROT LEAVES/3032.JPG.jpeg,APPLE ROT LEAVES,Apple___Black_rot,1,9dc5a16a9d7e95cca90e631c57e036057e81ea3969e122b3a47ec0d7c22e08d9
C:\Users\gunn\Desktop\work\appleleaf\data\external_classification\kashmir\APPLE ROT LEAVES\3096.jpg.jpeg,APPLE ROT LEAVES/3096.jpg.jpeg,APPLE ROT LEAVES,Apple___Black_rot,1,309603248455e434f83e4a352a10a7aa13cb04ba2f270243beb69f3fe4759eb1
C:\Users\gunn\Desktop\work\appleleaf\data\external_classification\kashmir\APPLE ROT LEAVES\4009.jpg.jpeg,APPLE ROT LEAVES/4009.jpg.jpeg,APPLE ROT LEAVES,Apple___Black_rot,1,5f469e5e75b2aeb7bccfd2dd3310e736417ecda1491d1ea7f6a34bbf77bdd50e
C:\Users\gunn\Desktop\work\appleleaf\data\external_classification\kashmir\APPLE ROT LEAVES\4010.jpg.jpeg,APPLE ROT LEAVES/4010.jpg.jpeg,APPLE ROT LEAVES,Apple___Black_rot,1,59c1d869214c03d45e4310ea086f041162a442d7fd84b396aa307e36273bd84c
C:\Users\gunn\Desktop\work\appleleaf\data\external_classification\kashmir\APPLE ROT LEAVES\4012.jpg.jpeg,APPLE ROT LEAVES/4012.jpg.jpeg,APPLE ROT LEAVES,Apple___Black_rot,1,810828bb2b68ac8f2c10cbe061e4d694be5a84fae3ef16c3745c117d93e098b0
C:\Users\gunn\Desktop\work\appleleaf\data\external_classification\kashmir\APPLE ROT LEAVES\4013.jpg.jpeg,APPLE ROT LEAVES/4013.jpg.jpeg,APPLE ROT LEAVES,Apple___Black_rot,1,9af93537d5f5315f0c1c0962577edf8df69defd4df56fd1cf095974619df9ac6
C:\Users\gunn\Desktop\work\appleleaf\data\external_classification\kashmir\APPLE ROT LEAVES\4014.jpg.jpeg,APPLE ROT LEAVES/4014.jpg.jpeg,APPLE ROT LEAVES,Apple___Black_rot,1,fd2aada4220e09e7f5b7e5717574846ab7df8a81f93ab79762492f1844181dd9
C:\Users\gunn\Desktop\work\appleleaf\data\external_classification\kashmir\APPLE ROT LEAVES\4015.jpg.jpeg,APPLE ROT LEAVES/4015.jpg.jpeg,APPLE ROT LEAVES,Apple___Black_rot,1,cfb74de6f7451b0ae880641b6c52aca222bb44b000ed0ede3fac545f82c46e83
C:\Users\gunn\Desktop\work\appleleaf\data\external_classification\kashmir\APPLE ROT LEAVES\4016.jpg.jpeg,APPLE ROT LEAVES/4016.jpg.jpeg,APPLE ROT LEAVES,Apple___Black_rot,1,9bd0cb9c77861eea50d5a2412c0d4d7834e9a9637e8e59e7e8fe33fb7905a79b
C:\Users\gunn\Desktop\work\appleleaf\data\external_classification\kashmir\APPLE ROT LEAVES\4026.jpg.jpeg,APPLE ROT LEAVES/4026.jpg.jpeg,APPLE ROT LEAVES,Apple___Black_rot,1,90839afd02a884093a5eb0b760cb06bab16c3ff801f552da5bf365a9f97dfa5e
C:\Users\gunn\Desktop\work\appleleaf\data\external_classification\kashmir\APPLE ROT LEAVES\4028.jpg.jpeg,APPLE ROT LEAVES/4028.jpg.jpeg,APPLE ROT LEAVES,Apple___Black_rot,1,dbeba38dbc2ca4def868d5c69a8d3a93efeed9b2eb10aa5679cc55eb29a9da86
C:\Users\gunn\Desktop\work\appleleaf\data\external_classification\kashmir\APPLE ROT LEAVES\4029.jpg.jpeg,APPLE ROT LEAVES/4029.jpg.jpeg,APPLE ROT LEAVES,Apple___Black_rot,1,837c0a5658c2f5f4e7d6f2a1952efc4be2265b0a587d8da61f59c49f2b73a611
C:\Users\gunn\Desktop\work\appleleaf\data\external_classification\kashmir\APPLE ROT LEAVES\4031.jpg.jpeg,APPLE ROT LEAVES/4031.jpg.jpeg,APPLE ROT LEAVES,Apple___Black_rot,1,cfdca254aab9922bafef17350ac71ad2fee81dd9d34cdef268fcf0ed47c5177b
C:\Users\gunn\Desktop\work\appleleaf\data\external_classification\kashmir\APPLE ROT LEAVES\4034.jpg.jpeg,APPLE ROT LEAVES/4034.jpg.jpeg,APPLE ROT LEAVES,Apple___Black_rot,1,beb8f9ffe086e0e068d787b0516e65480dbea978caa6358a7173aa522568f6aa
C:\Users\gunn\Desktop\work\appleleaf\data\external_classification\kashmir\APPLE ROT LEAVES\4036.jpg.jpeg,APPLE ROT LEAVES/4036.jpg.jpeg,APPLE ROT LEAVES,Apple___Black_rot,1,8a0e58fd057b0d9eec06561a6e39f8f66451e9cf834a6871bbc1d03bb8bbfcd9
C:\Users\gunn\Desktop\work\appleleaf\data\external_classification\kashmir\APPLE ROT LEAVES\4038.jpg.jpeg,APPLE ROT LEAVES/4038.jpg.jpeg,APPLE ROT LEAVES,Apple___Black_rot,1,4f36e57da6267a5028bbd507cb1a591c6b78858cebe4af00cb0085cf075632be
C:\Users\gunn\Desktop\work\appleleaf\data\external_classification\kashmir\APPLE ROT LEAVES\4041.jpg.jpeg,APPLE ROT LEAVES/4041.jpg.jpeg,APPLE ROT LEAVES,Apple___Black_rot,1,45dfc133959edba91a10b1b22cc435c36a9c5057e8585c7cece20b37a8fecbf0
C:\Users\gunn\Desktop\work\appleleaf\data\external_classification\kashmir\APPLE ROT LEAVES\4042.jpg.jpeg,APPLE ROT LEAVES/4042.jpg.jpeg,APPLE ROT LEAVES,Apple___Black_rot,1,307ae505265323bcf68505e2f899219e1f40076c2bd3a2ddb906e07a61ae0430
C:\Users\gunn\Desktop\work\appleleaf\data\external_classification\kashmir\APPLE ROT LEAVES\4043.jpg.jpeg,APPLE ROT LEAVES/4043.jpg.jpeg,APPLE ROT LEAVES,Apple___Black_rot,1,e706e3fde35a7e6891128adcf1dd58662971c207c7dce701fec1ab7c1e154796
C:\Users\gunn\Desktop\work\appleleaf\data\external_classification\kashmir\APPLE ROT LEAVES\4048.jpg.jpeg,APPLE ROT LEAVES/4048.jpg.jpeg,APPLE ROT LEAVES,Apple___Black_rot,1,c1177d0483c397193cf3f3f160ff5c2590cd95a6d68e26408314e05128e8cb47
C:\Users\gunn\Desktop\work\appleleaf\data\external_classification\kashmir\APPLE ROT LEAVES\4049.jpg.jpeg,APPLE ROT LEAVES/4049.jpg.jpeg,APPLE ROT LEAVES,Apple___Black_rot,1,336287e9ae42c39df139428151f7a5b0299aa9aec256ff5e4c7ecf1115453897
C:\Users\gunn\Desktop\work\appleleaf\data\external_classification\kashmir\APPLE ROT LEAVES\4054.jpg.jpeg,APPLE ROT LEAVES/4054.jpg.jpeg,APPLE ROT LEAVES,Apple___Black_rot,1,5ed29ca97a25cce9307b69c1a063c78d1f59451d0c59d189f6b8997925a1091b
C:\Users\gunn\Desktop\work\appleleaf\data\external_classification\kashmir\APPLE ROT LEAVES\4055.jpg.jpeg,APPLE ROT LEAVES/4055.jpg.jpeg,APPLE ROT LEAVES,Apple___Black_rot,1,ad2659bac38dd5becfeb9df5f69aaba84ec77ca2a093fe94da2030d0a75d11c4
C:\Users\gunn\Desktop\work\appleleaf\data\external_classification\kashmir\APPLE ROT LEAVES\4056.jpg.jpeg,APPLE ROT LEAVES/4056.jpg.jpeg,APPLE ROT LEAVES,Apple___Black_rot,1,ebe9406fcb2b4b32d40b95997be021173b8da0c6eb8a1aaff7d39f7b3858b067
C:\Users\gunn\Desktop\work\appleleaf\data\external_classification\kashmir\APPLE ROT LEAVES\4057.jpg.jpeg,APPLE ROT LEAVES/4057.jpg.jpeg,APPLE ROT LEAVES,Apple___Black_rot,1,96373a867f4f6b22cb8a6d9512a560b789cd3241f9befa72490361761dd6489a
C:\Users\gunn\Desktop\work\appleleaf\data\external_classification\kashmir\APPLE ROT LEAVES\4058.jpg.jpeg,APPLE ROT LEAVES/4058.jpg.jpeg,APPLE ROT LEAVES,Apple___Black_rot,1,0ba794f3992ee5906e5b01f1854782619b707dab4e19713ab406ce7b35903783
C:\Users\gunn\Desktop\work\appleleaf\data\external_classification\kashmir\APPLE ROT LEAVES\4061.jpg.jpeg,APPLE ROT LEAVES/4061.jpg.jpeg,APPLE ROT LEAVES,Apple___Black_rot,1,98092aab92ca90dddc021c04eef6d854f2c2e8ec8476bdda8ae8af9696455997
C:\Users\gunn\Desktop\work\appleleaf\data\external_classification\kashmir\APPLE ROT LEAVES\4068.jpg.jpeg,APPLE ROT LEAVES/4068.jpg.jpeg,APPLE ROT LEAVES,Apple___Black_rot,1,fd8889909bed6b38659190ac52c758c88fb0128db6e2476fdeca14132d691ebf
C:\Users\gunn\Desktop\work\appleleaf\data\external_classification\kashmir\APPLE ROT LEAVES\4072.jpg.jpeg,APPLE ROT LEAVES/4072.jpg.jpeg,APPLE ROT LEAVES,Apple___Black_rot,1,97b850990c3a94d61f530b514c50f3cde59b50f083f286b267fd39daaf724b1f
C:\Users\gunn\Desktop\work\appleleaf\data\external_classification\kashmir\APPLE ROT LEAVES\4073.jpg.jpeg,APPLE ROT LEAVES/4073.jpg.jpeg,APPLE ROT LEAVES,Apple___Black_rot,1,361cbefe49cd5f8d4063b34ebcd7ce8431d2367fbbf856ea3ec437a6b16635c1
C:\Users\gunn\Desktop\work\appleleaf\data\external_classification\kashmir\APPLE ROT LEAVES\4074.jpg.jpeg,APPLE ROT LEAVES/4074.jpg.jpeg,APPLE ROT LEAVES,Apple___Black_rot,1,afc7e65d05d0e8f9fb8e539f7e6f08453262e54b2130a1bfd453c2cd96e6cfcd
C:\Users\gunn\Desktop\work\appleleaf\data\external_classification\kashmir\APPLE ROT LEAVES\4075.jpg.jpeg,APPLE ROT LEAVES/4075.jpg.jpeg,APPLE ROT LEAVES,Apple___Black_rot,1,70f15ef5f39cc94739a5b2453177f8a502716015f55cc5d63d52e1d875fcefd9
C:\Users\gunn\Desktop\work\appleleaf\data\external_classification\kashmir\APPLE ROT LEAVES\4079.jpg.jpeg,APPLE ROT LEAVES/4079.jpg.jpeg,APPLE ROT LEAVES,Apple___Black_rot,1,c0eb42777ed362abb8de4ec2da6e2b956d5566a150e0d002cdc336ccd7a3a04c
C:\Users\gunn\Desktop\work\appleleaf\data\external_classification\kashmir\APPLE ROT LEAVES\4080.jpg.jpeg,APPLE ROT LEAVES/4080.jpg.jpeg,APPLE ROT LEAVES,Apple___Black_rot,1,3258645aca26af07a8c5911ee8b3b1a7c4fa7f407015c2bc38ece2d4be42aff2
C:\Users\gunn\Desktop\work\appleleaf\data\external_classification\kashmir\APPLE ROT LEAVES\4082.jpg.jpeg,APPLE ROT LEAVES/4082.jpg.jpeg,APPLE ROT LEAVES,Apple___Black_rot,1,625380d963628bdfe32f5cfe1a8fca89a4ae8661e77f3e1c6d7a0cbade80b649
C:\Users\gunn\Desktop\work\appleleaf\data\external_classification\kashmir\APPLE ROT LEAVES\4084.jpg.jpeg,APPLE ROT LEAVES/4084.jpg.jpeg,APPLE ROT LEAVES,Apple___Black_rot,1,65018e17f96d46d8f8158747de1a8da40e8a4171cefada2547f0dd3b0fa557c9
C:\Users\gunn\Desktop\work\appleleaf\data\external_classification\kashmir\APPLE ROT LEAVES\4085.JPG.jpeg,APPLE ROT LEAVES/4085.JPG.jpeg,APPLE ROT LEAVES,Apple___Black_rot,1,0b4f4960339a5e53f931df398d072485bbb36adcc64d757635c6231060459fd5
C:\Users\gunn\Desktop\work\appleleaf\data\external_classification\kashmir\APPLE ROT LEAVES\4092.jpg.jpeg,APPLE ROT LEAVES/4092.jpg.jpeg,APPLE ROT LEAVES,Apple___Black_rot,1,6bb6e650c45b054853c5fc5ccf78391a9c653f09aece0a20e0b0c610b47cfecb
C:\Users\gunn\Desktop\work\appleleaf\data\external_classification\kashmir\APPLE ROT LEAVES\4093.jpg.jpeg,APPLE ROT LEAVES/4093.jpg.jpeg,APPLE ROT LEAVES,Apple___Black_rot,1,57126e1a69dde1d9de114625de1b62aa534c54487f018f8a75dbe5a09a3bae3b
C:\Users\gunn\Desktop\work\appleleaf\data\external_classification\kashmir\APPLE ROT LEAVES\4094.jpg.jpeg,APPLE ROT LEAVES/4094.jpg.jpeg,APPLE ROT LEAVES,Apple___Black_rot,1,505b6cbc6f44f38de0a8227d9dd879649dd0c13fbb3acce168fe11001eeffa91
C:\Users\gunn\Desktop\work\appleleaf\data\external_classification\kashmir\APPLE ROT LEAVES\5000.jpg.jpeg,APPLE ROT LEAVES/5000.jpg.jpeg,APPLE ROT LEAVES,Apple___Black_rot,1,3b16d946143fe6191ef932dade06a52b7553cae69530d733e8210c9b19b7045c
C:\Users\gunn\Desktop\work\appleleaf\data\external_classification\kashmir\APPLE ROT LEAVES\5007.jpg.jpeg,APPLE ROT LEAVES/5007.jpg.jpeg,APPLE ROT LEAVES,Apple___Black_rot,1,a6c0213be133807d5c11d16e1a5376e7321dbf9b85c44fbe5a3121e537888322
C:\Users\gunn\Desktop\work\appleleaf\data\external_classification\kashmir\APPLE ROT LEAVES\5013.jpg.jpeg,APPLE ROT LEAVES/5013.jpg.jpeg,APPLE ROT LEAVES,Apple___Black_rot,1,c1fbb96cf75859eee59acdff6ceb4ea73ab0dcfc717b2fb421bcc7f97ce859df
C:\Users\gunn\Desktop\work\appleleaf\data\external_classification\kashmir\APPLE ROT LEAVES\5014.jpg.jpeg,APPLE ROT LEAVES/5014.jpg.jpeg,APPLE ROT LEAVES,Apple___Black_rot,1,c092c8de795d0191318d96b80d9d8cd6fbcb8869a06432afddeb4be0e9005aa4
C:\Users\gunn\Desktop\work\appleleaf\data\external_classification\kashmir\APPLE ROT LEAVES\5019.jpg.jpeg,APPLE ROT LEAVES/5019.jpg.jpeg,APPLE ROT LEAVES,Apple___Black_rot,1,74c67460df67c61b816c6649570a84acb0b0e325f1904d653c6ff26f823c0306
C:\Users\gunn\Desktop\work\appleleaf\data\external_classification\kashmir\APPLE ROT LEAVES\5022.jpg.jpeg,APPLE ROT LEAVES/5022.jpg.jpeg,APPLE ROT LEAVES,Apple___Black_rot,1,5501524692b9f9a3e7ef2e139cbfdf23cf1c43b703acea849d6aed1b3cb34b12
C:\Users\gunn\Desktop\work\appleleaf\data\external_classification\kashmir\APPLE ROT LEAVES\5027.jpg.jpeg,APPLE ROT LEAVES/5027.jpg.jpeg,APPLE ROT LEAVES,Apple___Black_rot,1,5e54cf5c149b016326d9428e4f4adb7467776ac06eff9823511b5af6a8a00aa9
C:\Users\gunn\Desktop\work\appleleaf\data\external_classification\kashmir\APPLE ROT LEAVES\5048.jpg.jpeg,APPLE ROT LEAVES/5048.jpg.jpeg,APPLE ROT LEAVES,Apple___Black_rot,1,29b5fc2848a46d9b4b10d8cfe212d3b7f8b775180cf5d0cdeb4c2cabdc3d1a1c
C:\Users\gunn\Desktop\work\appleleaf\data\external_classification\kashmir\APPLE ROT LEAVES\5057.jpg.jpeg,APPLE ROT LEAVES/5057.jpg.jpeg,APPLE ROT LEAVES,Apple___Black_rot,1,eca5e4fe8df8de3236675be08d699231059504416438cf4de5c44cd7712215aa
C:\Users\gunn\Desktop\work\appleleaf\data\external_classification\kashmir\APPLE ROT LEAVES\5060.jpg.jpeg,APPLE ROT LEAVES/5060.jpg.jpeg,APPLE ROT LEAVES,Apple___Black_rot,1,ada8f6ef63ecd086e1084c48d1f151e2c80e583311dba3429fd597b3142ea646
C:\Users\gunn\Desktop\work\appleleaf\data\external_classification\kashmir\APPLE ROT LEAVES\5061.jpg.jpeg,APPLE ROT LEAVES/5061.jpg.jpeg,APPLE ROT LEAVES,Apple___Black_rot,1,cff8add9a4be37e9b217cee886956482ee084168c609592be08f868fec23ad2c
C:\Users\gunn\Desktop\work\appleleaf\data\external_classification\kashmir\APPLE ROT LEAVES\5062.jpg.jpeg,APPLE ROT LEAVES/5062.jpg.jpeg,APPLE ROT LEAVES,Apple___Black_rot,1,e6e2099c925cfbcedf7c5f6a73d9c1cefa198c48a9f9d47f698e65300da1821b
C:\Users\gunn\Desktop\work\appleleaf\data\external_classification\kashmir\APPLE ROT LEAVES\5064.jpg.jpeg,APPLE ROT LEAVES/5064.jpg.jpeg,APPLE ROT LEAVES,Apple___Black_rot,1,38007c3f16a76bf3d1aaf19bd1a24caa0f34f7659251217b17fe1d263dce3779
C:\Users\gunn\Desktop\work\appleleaf\data\external_classification\kashmir\APPLE ROT LEAVES\5073.jpg.jpeg,APPLE ROT LEAVES/5073.jpg.jpeg,APPLE ROT LEAVES,Apple___Black_rot,1,c0baf2d739da20526fd35a48d4340e863fdf0703e7086396684227946365ea4c
C:\Users\gunn\Desktop\work\appleleaf\data\external_classification\kashmir\APPLE ROT LEAVES\5075.jpg.jpeg,APPLE ROT LEAVES/5075.jpg.jpeg,APPLE ROT LEAVES,Apple___Black_rot,1,1b894d5f53a88b159cf02973e859d33c48391d5aaf52c5f0f8a27b23ffe4e4e8
C:\Users\gunn\Desktop\work\appleleaf\data\external_classification\kashmir\APPLE ROT LEAVES\5085.jpg.jpeg,APPLE ROT LEAVES/5085.jpg.jpeg,APPLE ROT LEAVES,Apple___Black_rot,1,873ac4a558a62bc22144edc37e46d0bcfa7c03a73c16f087b8a221719cda1012
C:\Users\gunn\Desktop\work\appleleaf\data\external_classification\kashmir\APPLE ROT LEAVES\5088.jpg.jpeg,APPLE ROT LEAVES/5088.jpg.jpeg,APPLE ROT LEAVES,Apple___Black_rot,1,952386ef6adad664c1abf62dace661d6d2175020e1260e1ed5bc51b2dd4b6469
C:\Users\gunn\Desktop\work\appleleaf\data\external_classification\kashmir\APPLE ROT LEAVES\5094.jpg.jpeg,APPLE ROT LEAVES/5094.jpg.jpeg,APPLE ROT LEAVES,Apple___Black_rot,1,fc59251165116b3c1b460530bf59e03a6202c0bc17475a9ece7e2597ac0410ac
C:\Users\gunn\Desktop\work\appleleaf\data\external_classification\kashmir\APPLE ROT LEAVES\WhatsApp Image 2022-07-04 at 7.37.35 PM (11).jpeg,APPLE ROT LEAVES/WhatsApp Image 2022-07-04 at 7.37.35 PM (11).jpeg,APPLE ROT LEAVES,Apple___Black_rot,1,44c4714f8f75b31e014103e446aaf134ed1d46209004a75bde4de842f4733b9a
C:\Users\gunn\Desktop\work\appleleaf\data\external_classification\kashmir\APPLE ROT LEAVES\WhatsApp Image 2022-07-04 at 7.37.35 PM (12).jpeg,APPLE ROT LEAVES/WhatsApp Image 2022-07-04 at 7.37.35 PM (12).jpeg,APPLE ROT LEAVES,Apple___Black_rot,1,0609592a56364e148eeba3d2eb1fc51918f96f82cf2174726f3bae39da38fd2e
C:\Users\gunn\Desktop\work\appleleaf\data\external_classification\kashmir\HEALTHY LEAVES\1001.jpg.jpeg,HEALTHY LEAVES/1001.jpg.jpeg,HEALTHY LEAVES,Apple___healthy,3,2a08be4530601af3a428e61168fe0327cc28c52eaa566786519a473a2ca603b9
C:\Users\gunn\Desktop\work\appleleaf\data\external_classification\kashmir\HEALTHY LEAVES\1002.jpg.jpeg,HEALTHY LEAVES/1002.jpg.jpeg,HEALTHY LEAVES,Apple___healthy,3,7380f128808f22a7a2064584ac7fd2c7e584c5d2ba05564aed719d12602f446b
C:\Users\gunn\Desktop\work\appleleaf\data\external_classification\kashmir\HEALTHY LEAVES\1003.JPG.jpeg,HEALTHY LEAVES/1003.JPG.jpeg,HEALTHY LEAVES,Apple___healthy,3,9f9eeb203ed0534058f91e20e148618c3484ca8be4cba8210e18f6a3af6397b5
C:\Users\gunn\Desktop\work\appleleaf\data\external_classification\kashmir\HEALTHY LEAVES\1004.JPG.jpeg,HEALTHY LEAVES/1004.JPG.jpeg,HEALTHY LEAVES,Apple___healthy,3,5af8a17cae8134b2f0e65fad11c2eb558c55c665b6d695074c571a44fad01b64
C:\Users\gunn\Desktop\work\appleleaf\data\external_classification\kashmir\HEALTHY LEAVES\1005.JPG.jpeg,HEALTHY LEAVES/1005.JPG.jpeg,HEALTHY LEAVES,Apple___healthy,3,0e93c5b5e992409040a5a026aa27adfddcf914cfde28134ed2ef1f2ffa7b39a3
C:\Users\gunn\Desktop\work\appleleaf\data\external_classification\kashmir\HEALTHY LEAVES\1006.JPG.jpeg,HEALTHY LEAVES/1006.JPG.jpeg,HEALTHY LEAVES,Apple___healthy,3,da2b776213a69d01a185867ec67484fe3cf481d8768b677dc31352de62e45e35
C:\Users\gunn\Desktop\work\appleleaf\data\external_classification\kashmir\HEALTHY LEAVES\1007.JPG.jpeg,HEALTHY LEAVES/1007.JPG.jpeg,HEALTHY LEAVES,Apple___healthy,3,3b2cc89bceb4640aacce93b40db05d02867b071f13ebe10a3d6dccaf1f373911
C:\Users\gunn\Desktop\work\appleleaf\data\external_classification\kashmir\HEALTHY LEAVES\1008.JPG.jpeg,HEALTHY LEAVES/1008.JPG.jpeg,HEALTHY LEAVES,Apple___healthy,3,71bbb2d0af92385a289dc58150cf18a4eb665c77508666f42100d3c63232f866
C:\Users\gunn\Desktop\work\appleleaf\data\external_classification\kashmir\HEALTHY LEAVES\1009.JPG.jpeg,HEALTHY LEAVES/1009.JPG.jpeg,HEALTHY LEAVES,Apple___healthy,3,fcd651f58ec55705e29d8927f82a4ac2586e88fe30066121be757bf8e3491b56
C:\Users\gunn\Desktop\work\appleleaf\data\external_classification\kashmir\HEALTHY LEAVES\1010.JPG.jpeg,HEALTHY LEAVES/1010.JPG.jpeg,HEALTHY LEAVES,Apple___healthy,3,03ee05ce9ad1d5aa842cd5bd47c2f8ffeefecb54ee43e65dba2eaf55b6244039
C:\Users\gunn\Desktop\work\appleleaf\data\external_classification\kashmir\HEALTHY LEAVES\1014.JPG.jpeg,HEALTHY LEAVES/1014.JPG.jpeg,HEALTHY LEAVES,Apple___healthy,3,e87b24dd7e9236d0264dcf5d90835a43d96cb46e5ef055ac4bedea71f4fdd96d
C:\Users\gunn\Desktop\work\appleleaf\data\external_classification\kashmir\HEALTHY LEAVES\1015.JPG.jpeg,HEALTHY LEAVES/1015.JPG.jpeg,HEALTHY LEAVES,Apple___healthy,3,4e84970d8d8105c2cbe65546dec9ed4decb73f45910feca71301526e45af113d
C:\Users\gunn\Desktop\work\appleleaf\data\external_classification\kashmir\HEALTHY LEAVES\1018.JPG.jpeg,HEALTHY LEAVES/1018.JPG.jpeg,HEALTHY LEAVES,Apple___healthy,3,cb28edc6b30cdf76a56200a535cec65718cd6a1571903f301db4260317e17cff
C:\Users\gunn\Desktop\work\appleleaf\data\external_classification\kashmir\HEALTHY LEAVES\1020.JPG.jpeg,HEALTHY LEAVES/1020.JPG.jpeg,HEALTHY LEAVES,Apple___healthy,3,24c9aa56d04d1c528e6afad0e4e3903e2222e4f649f0a13bc9bf570ca9a5bf64
C:\Users\gunn\Desktop\work\appleleaf\data\external_classification\kashmir\HEALTHY LEAVES\1023.JPG.jpeg,HEALTHY LEAVES/1023.JPG.jpeg,HEALTHY LEAVES,Apple___healthy,3,717d068e38e382979eb14f192f2997231e79630cec848a8895ca2111950a7b7f
C:\Users\gunn\Desktop\work\appleleaf\data\external_classification\kashmir\HEALTHY LEAVES\1024.JPG.jpeg,HEALTHY LEAVES/1024.JPG.jpeg,HEALTHY LEAVES,Apple___healthy,3,58c142c155b393311b315d63e6f74ce11b62729a5200301cb116683b21e3db9d
C:\Users\gunn\Desktop\work\appleleaf\data\external_classification\kashmir\HEALTHY LEAVES\1026.JPG.jpeg,HEALTHY LEAVES/1026.JPG.jpeg,HEALTHY LEAVES,Apple___healthy,3,b67a254155bd3c806a443e6f270bae9db6b3a9fcdb66c0992570bf9f73ec8e3f
C:\Users\gunn\Desktop\work\appleleaf\data\external_classification\kashmir\HEALTHY LEAVES\1032.JPG.jpeg,HEALTHY LEAVES/1032.JPG.jpeg,HEALTHY LEAVES,Apple___healthy,3,729938aa25959d93d776e1d3deba2ff3414e0e0df3bb0d5d171cfc3315cf0cda
C:\Users\gunn\Desktop\work\appleleaf\data\external_classification\kashmir\HEALTHY LEAVES\1034.JPG.jpeg,HEALTHY LEAVES/1034.JPG.jpeg,HEALTHY LEAVES,Apple___healthy,3,0dcc35d4d55dc9b0bc00c95b12fb7c20469bfd0dcbc73f93c1799a4e22e9b995
C:\Users\gunn\Desktop\work\appleleaf\data\external_classification\kashmir\HEALTHY LEAVES\1035.JPG.jpeg,HEALTHY LEAVES/1035.JPG.jpeg,HEALTHY LEAVES,Apple___healthy,3,8b28bda48b6f050f2871f7496f9cf2d0a2a16d1b641fae78c34c8aaf7dd7fbfe
C:\Users\gunn\Desktop\work\appleleaf\data\external_classification\kashmir\HEALTHY LEAVES\1039.JPG.jpeg,HEALTHY LEAVES/1039.JPG.jpeg,HEALTHY LEAVES,Apple___healthy,3,53ed1c9477486a1732ad381c1364820ee74c1bab62d2492edca682b4bea4c45f
C:\Users\gunn\Desktop\work\appleleaf\data\external_classification\kashmir\HEALTHY LEAVES\1041.JPG.jpeg,HEALTHY LEAVES/1041.JPG.jpeg,HEALTHY LEAVES,Apple___healthy,3,ea2a304bb561051d17df8509206bd94290facec7453886d3390e31f43fe188d1
C:\Users\gunn\Desktop\work\appleleaf\data\external_classification\kashmir\HEALTHY LEAVES\1043.JPG.jpeg,HEALTHY LEAVES/1043.JPG.jpeg,HEALTHY LEAVES,Apple___healthy,3,6aad41d6fd45f1fa599ae7704358bab71ad15dd403dcaeab7bbb1e0e1469bc38
C:\Users\gunn\Desktop\work\appleleaf\data\external_classification\kashmir\HEALTHY LEAVES\1044.JPG.jpeg,HEALTHY LEAVES/1044.JPG.jpeg,HEALTHY LEAVES,Apple___healthy,3,315b1512e4b88cd6324be6a79bf67e738699cb6abe3476516b0dc5902ab48fda
C:\Users\gunn\Desktop\work\appleleaf\data\external_classification\kashmir\HEALTHY LEAVES\1045.JPG.jpeg,HEALTHY LEAVES/1045.JPG.jpeg,HEALTHY LEAVES,Apple___healthy,3,1df28cf879ff95ffe14687c90747ab1ecdc48a47c830f376eb19b11d663e3f50
C:\Users\gunn\Desktop\work\appleleaf\data\external_classification\kashmir\HEALTHY LEAVES\1046.JPG.jpeg,HEALTHY LEAVES/1046.JPG.jpeg,HEALTHY LEAVES,Apple___healthy,3,492be4f9b55bb329fbc0846ece5ad9de0ed15eea8171acde788c72b2bcf36fc9
C:\Users\gunn\Desktop\work\appleleaf\data\external_classification\kashmir\HEALTHY LEAVES\1047.JPG.jpeg,HEALTHY LEAVES/1047.JPG.jpeg,HEALTHY LEAVES,Apple___healthy,3,6bb2c77f073ab10f38ef1af66a7dee09a47775d3854c72bbc59c4c094cfbbc7d
C:\Users\gunn\Desktop\work\appleleaf\data\external_classification\kashmir\HEALTHY LEAVES\1049.JPG.jpeg,HEALTHY LEAVES/1049.JPG.jpeg,HEALTHY LEAVES,Apple___healthy,3,efe2c5012faefb896e7544fe905e79cfaa26ce0eb3389f48c9805c3beba9cdcc
C:\Users\gunn\Desktop\work\appleleaf\data\external_classification\kashmir\HEALTHY LEAVES\1052.JPG.jpeg,HEALTHY LEAVES/1052.JPG.jpeg,HEALTHY LEAVES,Apple___healthy,3,94d252cee3f3ca8e3bcba5cd934d13bcef543f3e98ed17404c7fa131b5153736
C:\Users\gunn\Desktop\work\appleleaf\data\external_classification\kashmir\HEALTHY LEAVES\1053.JPG.jpeg,HEALTHY LEAVES/1053.JPG.jpeg,HEALTHY LEAVES,Apple___healthy,3,c86770e6b666df56b71e85c587bf679cda6bf8e39be0904afd55e299415eb215
C:\Users\gunn\Desktop\work\appleleaf\data\external_classification\kashmir\HEALTHY LEAVES\1054.JPG.jpeg,HEALTHY LEAVES/1054.JPG.jpeg,HEALTHY LEAVES,Apple___healthy,3,69c0fb8cf0cddbffd91181e566964f3e076a0528555506c7b6cf2e061bc29473
C:\Users\gunn\Desktop\work\appleleaf\data\external_classification\kashmir\HEALTHY LEAVES\1055.JPG.jpeg,HEALTHY LEAVES/1055.JPG.jpeg,HEALTHY LEAVES,Apple___healthy,3,6b8415824d4b9d3b909708cb5d4f090b879944a16f883d002fad6be0a5318593
C:\Users\gunn\Desktop\work\appleleaf\data\external_classification\kashmir\HEALTHY LEAVES\1056.JPG.jpeg,HEALTHY LEAVES/1056.JPG.jpeg,HEALTHY LEAVES,Apple___healthy,3,49c7210124e68a42f43d577c90d773e6f5518ef37a363ef1757134243ad842a7
C:\Users\gunn\Desktop\work\appleleaf\data\external_classification\kashmir\HEALTHY LEAVES\1057.jpg.jpeg,HEALTHY LEAVES/1057.jpg.jpeg,HEALTHY LEAVES,Apple___healthy,3,b9d2747e32eba98736a27632d5b8580cf3a95caa0bf39660b2ebc2ab2d2c7ac9
C:\Users\gunn\Desktop\work\appleleaf\data\external_classification\kashmir\HEALTHY LEAVES\1060.jpg.jpeg,HEALTHY LEAVES/1060.jpg.jpeg,HEALTHY LEAVES,Apple___healthy,3,09e75a35d87e4fec98728d51469711e1bfa75f5c28f2861b9f4d711b014c4ee0
C:\Users\gunn\Desktop\work\appleleaf\data\external_classification\kashmir\HEALTHY LEAVES\1063.jpg.jpeg,HEALTHY LEAVES/1063.jpg.jpeg,HEALTHY LEAVES,Apple___healthy,3,4b36e40a21112054e99a36b4f36e24b742afa237fa6e7ff4726ec82d6e291fb6
C:\Users\gunn\Desktop\work\appleleaf\data\external_classification\kashmir\HEALTHY LEAVES\1065.jpg.jpeg,HEALTHY LEAVES/1065.jpg.jpeg,HEALTHY LEAVES,Apple___healthy,3,b1a3e7b0d04674c603411f2ddcea2f17d9ca6de4231cfd7fcdc799535a13cc30
C:\Users\gunn\Desktop\work\appleleaf\data\external_classification\kashmir\HEALTHY LEAVES\1066.jpg.jpeg,HEALTHY LEAVES/1066.jpg.jpeg,HEALTHY LEAVES,Apple___healthy,3,f6b4d8fe40c7f414380eba2292793be978074b16bfa928ec4efcc601a7c90ef8
C:\Users\gunn\Desktop\work\appleleaf\data\external_classification\kashmir\HEALTHY LEAVES\1068.jpg.jpeg,HEALTHY LEAVES/1068.jpg.jpeg,HEALTHY LEAVES,Apple___healthy,3,218857e5a6182b1181b82e82384fbefa4d43d801e3991b7e84c0044a7e2351e3
C:\Users\gunn\Desktop\work\appleleaf\data\external_classification\kashmir\HEALTHY LEAVES\1069.jpg.jpeg,HEALTHY LEAVES/1069.jpg.jpeg,HEALTHY LEAVES,Apple___healthy,3,216072d4fd7a9d33efb09fe1135294044840061382f90adae74d3661c4c2750a
C:\Users\gunn\Desktop\work\appleleaf\data\external_classification\kashmir\HEALTHY LEAVES\1072.jpg.jpeg,HEALTHY LEAVES/1072.jpg.jpeg,HEALTHY LEAVES,Apple___healthy,3,05633e5820ab288e34a95a496c7f6cb3e3a662eb8afc4e32fb5b8382fb7606c7
C:\Users\gunn\Desktop\work\appleleaf\data\external_classification\kashmir\HEALTHY LEAVES\1076.jpg.jpeg,HEALTHY LEAVES/1076.jpg.jpeg,HEALTHY LEAVES,Apple___healthy,3,66d3a16a264ccf12e7b576e3b496c9d227be80cf82a7e68ccfd67c09cb1be638
C:\Users\gunn\Desktop\work\appleleaf\data\external_classification\kashmir\HEALTHY LEAVES\1078.jpg.jpeg,HEALTHY LEAVES/1078.jpg.jpeg,HEALTHY LEAVES,Apple___healthy,3,02ed0f499e4251ca41fbfa696157fb8ecd8c870c95bd844d0e30c852975f3807
C:\Users\gunn\Desktop\work\appleleaf\data\external_classification\kashmir\SCAB LEAVES\1011.JPG.jpeg,SCAB LEAVES/1011.JPG.jpeg,SCAB LEAVES,Apple___Apple_scab,0,a5bb8658de2afaf8384d3832d1c12b7d00ef47a1ddef57baae928f560cd004a7
C:\Users\gunn\Desktop\work\appleleaf\data\external_classification\kashmir\SCAB LEAVES\1012.JPG.jpeg,SCAB LEAVES/1012.JPG.jpeg,SCAB LEAVES,Apple___Apple_scab,0,a2b7458f27c3d40f83d7849c7e47760be0fb1f17fc72c4a81673c450ebd4aef5
C:\Users\gunn\Desktop\work\appleleaf\data\external_classification\kashmir\SCAB LEAVES\1013.JPG.jpeg,SCAB LEAVES/1013.JPG.jpeg,SCAB LEAVES,Apple___Apple_scab,0,66a79cfe157bee91e28683614fe0adee2aa10c93d6546e309872c680021c60f1
C:\Users\gunn\Desktop\work\appleleaf\data\external_classification\kashmir\SCAB LEAVES\1016.JPG.jpeg,SCAB LEAVES/1016.JPG.jpeg,SCAB LEAVES,Apple___Apple_scab,0,7ed1a20da96c6f40a5c6e055f88c554e3dfdbedc56b6e8b4c7565d73a2cbe217
C:\Users\gunn\Desktop\work\appleleaf\data\external_classification\kashmir\SCAB LEAVES\1022.JPG.jpeg,SCAB LEAVES/1022.JPG.jpeg,SCAB LEAVES,Apple___Apple_scab,0,f4f1e6af6bac3658d2ca7d2e53462e6ed28c19d53a1c2addd636393fb09aaee9
C:\Users\gunn\Desktop\work\appleleaf\data\external_classification\kashmir\SCAB LEAVES\1025.JPG.jpeg,SCAB LEAVES/1025.JPG.jpeg,SCAB LEAVES,Apple___Apple_scab,0,4635c334e60ef8d3c684941fa4121dddd4caa92abd1bfc0b47580d86b00fb804
C:\Users\gunn\Desktop\work\appleleaf\data\external_classification\kashmir\SCAB LEAVES\1027.JPG.jpeg,SCAB LEAVES/1027.JPG.jpeg,SCAB LEAVES,Apple___Apple_scab,0,4311d1ec49c56d2be8392963678f018175b8ffee06e8f2b3b3866160f1c11d16
C:\Users\gunn\Desktop\work\appleleaf\data\external_classification\kashmir\SCAB LEAVES\1028.JPG.jpeg,SCAB LEAVES/1028.JPG.jpeg,SCAB LEAVES,Apple___Apple_scab,0,34e406c1e9cfd7164eda01808534e456c6216b35348b816875f02026fbd0922b
C:\Users\gunn\Desktop\work\appleleaf\data\external_classification\kashmir\SCAB LEAVES\1029.JPG.jpeg,SCAB LEAVES/1029.JPG.jpeg,SCAB LEAVES,Apple___Apple_scab,0,cd9135ac78dba6f4bda2107ba82ea5bf4319d0241e951a26931aaa68cf393d66
C:\Users\gunn\Desktop\work\appleleaf\data\external_classification\kashmir\SCAB LEAVES\1030.JPG.jpeg,SCAB LEAVES/1030.JPG.jpeg,SCAB LEAVES,Apple___Apple_scab,0,44d5128b532ecfb2580115669170dfafefcf6ecdd389791bec1a9110738dea1c
C:\Users\gunn\Desktop\work\appleleaf\data\external_classification\kashmir\SCAB LEAVES\1031.JPG.jpeg,SCAB LEAVES/1031.JPG.jpeg,SCAB LEAVES,Apple___Apple_scab,0,c623cafe7986fcf1ef9989feeb016bdeacc61efe2020cef083e36cb7592b3d5f
C:\Users\gunn\Desktop\work\appleleaf\data\external_classification\kashmir\SCAB LEAVES\1033.JPG.jpeg,SCAB LEAVES/1033.JPG.jpeg,SCAB LEAVES,Apple___Apple_scab,0,2615bbc0e6222631965d56374fc53a99f6543a7f92b3081a95bb73adfe6e11df
C:\Users\gunn\Desktop\work\appleleaf\data\external_classification\kashmir\SCAB LEAVES\1037.JPG.jpeg,SCAB LEAVES/1037.JPG.jpeg,SCAB LEAVES,Apple___Apple_scab,0,5941225868ba42b6ad1f465799d72eb633a21379094aa1f459d5ed0fa23fd659
C:\Users\gunn\Desktop\work\appleleaf\data\external_classification\kashmir\SCAB LEAVES\1038.JPG.jpeg,SCAB LEAVES/1038.JPG.jpeg,SCAB LEAVES,Apple___Apple_scab,0,b26b06eb421eee7bf461000609a956b484da8935afba073bd09e872d7b2d637f
C:\Users\gunn\Desktop\work\appleleaf\data\external_classification\kashmir\SCAB LEAVES\1040.JPG.jpeg,SCAB LEAVES/1040.JPG.jpeg,SCAB LEAVES,Apple___Apple_scab,0,48c03c59e4228d0be33a4665803fc12c14a1e004c01e53324fbae981496601cf
C:\Users\gunn\Desktop\work\appleleaf\data\external_classification\kashmir\SCAB LEAVES\1042.JPG.jpeg,SCAB LEAVES/1042.JPG.jpeg,SCAB LEAVES,Apple___Apple_scab,0,12ef30b81c9d7ae0da39003b8f440286a5a81340e70b0eb8abb0a1c85411eae6
C:\Users\gunn\Desktop\work\appleleaf\data\external_classification\kashmir\SCAB LEAVES\1048.JPG.jpeg,SCAB LEAVES/1048.JPG.jpeg,SCAB LEAVES,Apple___Apple_scab,0,c63c89ec0236e28006bc460891a09bd60334b2b8828ab05622ee2376ac0a0e85
C:\Users\gunn\Desktop\work\appleleaf\data\external_classification\kashmir\SCAB LEAVES\1050.JPG.jpeg,SCAB LEAVES/1050.JPG.jpeg,SCAB LEAVES,Apple___Apple_scab,0,531b65e5ac9e65ade673ca6460e065b6fa665f57446f73c68f2a673a6656048a
C:\Users\gunn\Desktop\work\appleleaf\data\external_classification\kashmir\SCAB LEAVES\1051.JPG.jpeg,SCAB LEAVES/1051.JPG.jpeg,SCAB LEAVES,Apple___Apple_scab,0,4143ea205ab07f9d6eda3ee8c4f9f75f449c32cc68f0793dcce8e78dd92e3c74
C:\Users\gunn\Desktop\work\appleleaf\data\external_classification\kashmir\SCAB LEAVES\1059.jpg.jpeg,SCAB LEAVES/1059.jpg.jpeg,SCAB LEAVES,Apple___Apple_scab,0,0ef8e32aad49c0efbf4dbe34db3b66705acff56f2be02852a3cf19dfd2f49027
C:\Users\gunn\Desktop\work\appleleaf\data\external_classification\kashmir\SCAB LEAVES\1085.jpg.jpeg,SCAB LEAVES/1085.jpg.jpeg,SCAB LEAVES,Apple___Apple_scab,0,d95311812f6993d74b0a0be59a8614ed32be3abe3af9bec00b09b90dda459e5f
C:\Users\gunn\Desktop\work\appleleaf\data\external_classification\kashmir\SCAB LEAVES\1090.jpg.jpeg,SCAB LEAVES/1090.jpg.jpeg,SCAB LEAVES,Apple___Apple_scab,0,be7785d16dc1c99581ce3695b6690890a6b056d8d9e52ac1b87717fa2b9f52f9
C:\Users\gunn\Desktop\work\appleleaf\data\external_classification\kashmir\SCAB LEAVES\1091.jpg.jpeg,SCAB LEAVES/1091.jpg.jpeg,SCAB LEAVES,Apple___Apple_scab,0,7a7efaee548fb75aa16de71d39f8c3331d00bf5db08700853db4d2b822977e1e
C:\Users\gunn\Desktop\work\appleleaf\data\external_classification\kashmir\SCAB LEAVES\2001.jpg.jpeg,SCAB LEAVES/2001.jpg.jpeg,SCAB LEAVES,Apple___Apple_scab,0,2b46b4b1c55c8adc87b13b91c388b4880d6f7c36971b21b0c7a0ae8265725d81
C:\Users\gunn\Desktop\work\appleleaf\data\external_classification\kashmir\SCAB LEAVES\2004.jpg.jpeg,SCAB LEAVES/2004.jpg.jpeg,SCAB LEAVES,Apple___Apple_scab,0,1ca4237627b1445526010f96daa5105f8f55077fa32055583167dacbf68945af
C:\Users\gunn\Desktop\work\appleleaf\data\external_classification\kashmir\SCAB LEAVES\2011.jpg.jpeg,SCAB LEAVES/2011.jpg.jpeg,SCAB LEAVES,Apple___Apple_scab,0,74e1cb72bd37e15e0d3726fc57b6817fdb4131dc7305ab78814c4569846643e2
C:\Users\gunn\Desktop\work\appleleaf\data\external_classification\kashmir\SCAB LEAVES\2021.jpg.jpeg,SCAB LEAVES/2021.jpg.jpeg,SCAB LEAVES,Apple___Apple_scab,0,4ddb1825d9c2f40e50a79732c896d702f803a9c0b9dde045b24d0dbd152f2d4d
C:\Users\gunn\Desktop\work\appleleaf\data\external_classification\kashmir\SCAB LEAVES\2033.jpg.jpeg,SCAB LEAVES/2033.jpg.jpeg,SCAB LEAVES,Apple___Apple_scab,0,e9561c0ca20d34de5f8dd5d2378e3447276f7b0dfcd13da142cd292d8083fffa
C:\Users\gunn\Desktop\work\appleleaf\data\external_classification\kashmir\SCAB LEAVES\2038.jpg.jpeg,SCAB LEAVES/2038.jpg.jpeg,SCAB LEAVES,Apple___Apple_scab,0,ac5665cc5298704b870e524f2feef80e529d440538caaa81774349d01e3e1b1f
C:\Users\gunn\Desktop\work\appleleaf\data\external_classification\kashmir\SCAB LEAVES\2039.jpg.jpeg,SCAB LEAVES/2039.jpg.jpeg,SCAB LEAVES,Apple___Apple_scab,0,4ed06def2ae7740a8822aabbf68e3a902459f43a997ed1d8592c06ad502d914c
C:\Users\gunn\Desktop\work\appleleaf\data\external_classification\kashmir\SCAB LEAVES\2043.jpg.jpeg,SCAB LEAVES/2043.jpg.jpeg,SCAB LEAVES,Apple___Apple_scab,0,3d265acede340b45067ebdd8b94d88039448fda36f2984bde307bcc9303fdc0f
C:\Users\gunn\Desktop\work\appleleaf\data\external_classification\kashmir\SCAB LEAVES\2051.jpg.jpeg,SCAB LEAVES/2051.jpg.jpeg,SCAB LEAVES,Apple___Apple_scab,0,536f83a4649c64cb260dbc743bdd6fec365d0b54adc2e83b6d03d0949a0da9d2
C:\Users\gunn\Desktop\work\appleleaf\data\external_classification\kashmir\SCAB LEAVES\2059.JPG.jpeg,SCAB LEAVES/2059.JPG.jpeg,SCAB LEAVES,Apple___Apple_scab,0,0239d49b92a7645ee3c1bb094e96633cf6f38df8b584ba3d3559eb77829c92d7
C:\Users\gunn\Desktop\work\appleleaf\data\external_classification\kashmir\SCAB LEAVES\2070.jpg.jpeg,SCAB LEAVES/2070.jpg.jpeg,SCAB LEAVES,Apple___Apple_scab,0,10fe8b5969b6e27b2b2e27816c24ee2706c92f28778fd4c7477eb5b8d2484880
C:\Users\gunn\Desktop\work\appleleaf\data\external_classification\kashmir\SCAB LEAVES\2074.jpg.jpeg,SCAB LEAVES/2074.jpg.jpeg,SCAB LEAVES,Apple___Apple_scab,0,99e86dfc34385ce635d40b15f3ed4a19413132382d2befbe0ae58146f3cd2f90
C:\Users\gunn\Desktop\work\appleleaf\data\external_classification\kashmir\SCAB LEAVES\2080.jpg.jpeg,SCAB LEAVES/2080.jpg.jpeg,SCAB LEAVES,Apple___Apple_scab,0,0e267d6959a79ccff549e9535ec8817cfaf9532402ea04e1880f2cb980af5d3a
C:\Users\gunn\Desktop\work\appleleaf\data\external_classification\kashmir\SCAB LEAVES\2081.jpg.jpeg,SCAB LEAVES/2081.jpg.jpeg,SCAB LEAVES,Apple___Apple_scab,0,cc43d59fc9faecc623e61c1a608940a6ff4aa562e2df9c3598392067d37c5688
C:\Users\gunn\Desktop\work\appleleaf\data\external_classification\kashmir\SCAB LEAVES\2082.jpg.jpeg,SCAB LEAVES/2082.jpg.jpeg,SCAB LEAVES,Apple___Apple_scab,0,e5bacabd622468da021e9a82f92a3d5e1ac324337004048c1562575817039477
C:\Users\gunn\Desktop\work\appleleaf\data\external_classification\kashmir\SCAB LEAVES\2091.jpg.jpeg,SCAB LEAVES/2091.jpg.jpeg,SCAB LEAVES,Apple___Apple_scab,0,297fa19b94c65bc7574bffeab117fbccac40b7255a0e04d31ed744d3fbd4710b
C:\Users\gunn\Desktop\work\appleleaf\data\external_classification\kashmir\SCAB LEAVES\3000.jpg.jpeg,SCAB LEAVES/3000.jpg.jpeg,SCAB LEAVES,Apple___Apple_scab,0,b875d05e6f8a3ddc773556223830529dc1fe510e1c163d233c41e6b03d427805
C:\Users\gunn\Desktop\work\appleleaf\data\external_classification\kashmir\SCAB LEAVES\3003.jpg.jpeg,SCAB LEAVES/3003.jpg.jpeg,SCAB LEAVES,Apple___Apple_scab,0,070f9265e555c27532fa4193b93dafd12d1a1cf2344051f3e33ed3a394729255
C:\Users\gunn\Desktop\work\appleleaf\data\external_classification\kashmir\SCAB LEAVES\3006.jpg.jpeg,SCAB LEAVES/3006.jpg.jpeg,SCAB LEAVES,Apple___Apple_scab,0,caa501db68b748da6374c62f387eab13241ddda6b7a1022e844c545ed8415374
C:\Users\gunn\Desktop\work\appleleaf\data\external_classification\kashmir\SCAB LEAVES\3012.jpg.jpeg,SCAB LEAVES/3012.jpg.jpeg,SCAB LEAVES,Apple___Apple_scab,0,e1d9fa96a4e6ccb9ee3806b5c8072a361fdf4ff5143664ad142630352c014c1c
C:\Users\gunn\Desktop\work\appleleaf\data\external_classification\kashmir\SCAB LEAVES\3022.JPG.jpeg,SCAB LEAVES/3022.JPG.jpeg,SCAB LEAVES,Apple___Apple_scab,0,16129d4cbabf69c9afb3335a877a014f15cc050d69deb0a001b3abd83653f18d
C:\Users\gunn\Desktop\work\appleleaf\data\external_classification\kashmir\SCAB LEAVES\3028.JPG.jpeg,SCAB LEAVES/3028.JPG.jpeg,SCAB LEAVES,Apple___Apple_scab,0,e4afc97cb7761ad719e840aef9b8600a791ccf5b5edf3495a1655858db889957
C:\Users\gunn\Desktop\work\appleleaf\data\external_classification\kashmir\SCAB LEAVES\3036.JPG.jpeg,SCAB LEAVES/3036.JPG.jpeg,SCAB LEAVES,Apple___Apple_scab,0,08231864b69aa11ee618a4bb853a4e785a54f9ae29ace513830ec3e28313c5fb
C:\Users\gunn\Desktop\work\appleleaf\data\external_classification\kashmir\SCAB LEAVES\3037.JPG.jpeg,SCAB LEAVES/3037.JPG.jpeg,SCAB LEAVES,Apple___Apple_scab,0,11bd5e39b18421293486ff2d3b197517455fe8111a38137e6dac53aac9cab2d1
C:\Users\gunn\Desktop\work\appleleaf\data\external_classification\kashmir\SCAB LEAVES\3039.JPG.jpeg,SCAB LEAVES/3039.JPG.jpeg,SCAB LEAVES,Apple___Apple_scab,0,735590f4eebea8c468a91112175b42bb71ac5f991b2c3a1079616cb071bef797
C:\Users\gunn\Desktop\work\appleleaf\data\external_classification\kashmir\SCAB LEAVES\3040.JPG.jpeg,SCAB LEAVES/3040.JPG.jpeg,SCAB LEAVES,Apple___Apple_scab,0,3651c3a41f2b04134c662bb6d5b94a59786a574083fd55433a1828407ec410bf
C:\Users\gunn\Desktop\work\appleleaf\data\external_classification\kashmir\SCAB LEAVES\3044.JPG.jpeg,SCAB LEAVES/3044.JPG.jpeg,SCAB LEAVES,Apple___Apple_scab,0,a8f7bed04c80476b08f87ab545f2f3d2198878665438a17c1ef5facd6db6fc30
C:\Users\gunn\Desktop\work\appleleaf\data\external_classification\kashmir\SCAB LEAVES\3048.JPG.jpeg,SCAB LEAVES/3048.JPG.jpeg,SCAB LEAVES,Apple___Apple_scab,0,b29d1100527fc5742ef700fbeb7c2664398c6b2dfd30373807fddd2e2cd25aab
C:\Users\gunn\Desktop\work\appleleaf\data\external_classification\kashmir\SCAB LEAVES\3050.JPG.jpeg,SCAB LEAVES/3050.JPG.jpeg,SCAB LEAVES,Apple___Apple_scab,0,d14613496d176dad37ef51db5badad2a53f6ae24c33ba84f8d67da57344bf362
C:\Users\gunn\Desktop\work\appleleaf\data\external_classification\kashmir\SCAB LEAVES\3052.JPG.jpeg,SCAB LEAVES/3052.JPG.jpeg,SCAB LEAVES,Apple___Apple_scab,0,b50b4b1510a6651575243aba0359417c4819928886ba949af52e7d245727bdcd
C:\Users\gunn\Desktop\work\appleleaf\data\external_classification\kashmir\SCAB LEAVES\3054.JPG.jpeg,SCAB LEAVES/3054.JPG.jpeg,SCAB LEAVES,Apple___Apple_scab,0,9f151ffd38f04b683d1e50d9f33b2fc09ae774ac3b52f3587c6c7d1b63d6dc63
C:\Users\gunn\Desktop\work\appleleaf\data\external_classification\kashmir\SCAB LEAVES\3057.JPG.jpeg,SCAB LEAVES/3057.JPG.jpeg,SCAB LEAVES,Apple___Apple_scab,0,375f19b800188c64cd3f7801edad024d5d7e7524be378da44ca1c2a62cce8e2c
C:\Users\gunn\Desktop\work\appleleaf\data\external_classification\kashmir\SCAB LEAVES\3069.JPG.jpeg,SCAB LEAVES/3069.JPG.jpeg,SCAB LEAVES,Apple___Apple_scab,0,4b36a1bda4152c5a41bb06d7092bf39328a75e9dd98672f63fcaa15b47cdfde7
C:\Users\gunn\Desktop\work\appleleaf\data\external_classification\kashmir\SCAB LEAVES\3075.JPG.jpeg,SCAB LEAVES/3075.JPG.jpeg,SCAB LEAVES,Apple___Apple_scab,0,0f84388a036b2cdae8473308b4834cddf124f7f41fe8337135c775c7ff77bf0e
C:\Users\gunn\Desktop\work\appleleaf\data\external_classification\kashmir\SCAB LEAVES\3085.jpg.jpeg,SCAB LEAVES/3085.jpg.jpeg,SCAB LEAVES,Apple___Apple_scab,0,e2b91699d9cdd443957a72e3258023dacbcc08fa51696eed55e3125aad121ddc
C:\Users\gunn\Desktop\work\appleleaf\data\external_classification\kashmir\SCAB LEAVES\3086.jpg.jpeg,SCAB LEAVES/3086.jpg.jpeg,SCAB LEAVES,Apple___Apple_scab,0,e2ce1defbb14445989659c5003d3b896c4f0e36302b782f7309a414b763847cc
C:\Users\gunn\Desktop\work\appleleaf\data\external_classification\kashmir\SCAB LEAVES\3087.jpg.jpeg,SCAB LEAVES/3087.jpg.jpeg,SCAB LEAVES,Apple___Apple_scab,0,a28ab47be7a936fd9a389e01429362af5ffcf9355bca34760250337cbd7bdfa9
C:\Users\gunn\Desktop\work\appleleaf\data\external_classification\kashmir\SCAB LEAVES\3091.jpg.jpeg,SCAB LEAVES/3091.jpg.jpeg,SCAB LEAVES,Apple___Apple_scab,0,f3654324f418051f4529ec61f430d82a4427e9817b7ee6f34770b094cff03efd
C:\Users\gunn\Desktop\work\appleleaf\data\external_classification\kashmir\SCAB LEAVES\3092.jpg.jpeg,SCAB LEAVES/3092.jpg.jpeg,SCAB LEAVES,Apple___Apple_scab,0,80d815bcb772fd70ffe650f5b27c30702f9311fe655d85b47b8578c8f95ad71f
C:\Users\gunn\Desktop\work\appleleaf\data\external_classification\kashmir\SCAB LEAVES\3093.jpg.jpeg,SCAB LEAVES/3093.jpg.jpeg,SCAB LEAVES,Apple___Apple_scab,0,d96b3866e5bde6dd2994c484db2c24486dd2807c860f8355fa13655b0d7d3773
C:\Users\gunn\Desktop\work\appleleaf\data\external_classification\kashmir\SCAB LEAVES\3094.jpg.jpeg,SCAB LEAVES/3094.jpg.jpeg,SCAB LEAVES,Apple___Apple_scab,0,fed2cf913f729e4f51bfc86a0d833af479c27e65d90ebf50e26697eb4951a9f3
C:\Users\gunn\Desktop\work\appleleaf\data\external_classification\kashmir\SCAB LEAVES\3095.jpg.jpeg,SCAB LEAVES/3095.jpg.jpeg,SCAB LEAVES,Apple___Apple_scab,0,ee79c8f412fdd4e529caf6262b589ba2850fb61875cc562f0e3a2836aad402d7
C:\Users\gunn\Desktop\work\appleleaf\data\external_classification\kashmir\SCAB LEAVES\3097.jpg.jpeg,SCAB LEAVES/3097.jpg.jpeg,SCAB LEAVES,Apple___Apple_scab,0,fcb6f4755ac7a17ae3356cac8ae95b9607f479fc81cc73b370bd04c8729eec48
C:\Users\gunn\Desktop\work\appleleaf\data\external_classification\kashmir\SCAB LEAVES\3098.jpg.jpeg,SCAB LEAVES/3098.jpg.jpeg,SCAB LEAVES,Apple___Apple_scab,0,63dcae2dd5ef4af5485d72e0820117a23936b3d5d618784ebffbf2ec6b426d4b
C:\Users\gunn\Desktop\work\appleleaf\data\external_classification\kashmir\SCAB LEAVES\3099.jpg.jpeg,SCAB LEAVES/3099.jpg.jpeg,SCAB LEAVES,Apple___Apple_scab,0,67833fcd0f34c297be8c0b509fe8a8280108f48f431708b369beb66fcbef67c1
C:\Users\gunn\Desktop\work\appleleaf\data\external_classification\kashmir\SCAB LEAVES\4001.jpg.jpeg,SCAB LEAVES/4001.jpg.jpeg,SCAB LEAVES,Apple___Apple_scab,0,be818e4d2af8a22ca6b57ea3ce064fcd63e239fbded82f4253cc66676e237be5
C:\Users\gunn\Desktop\work\appleleaf\data\external_classification\kashmir\SCAB LEAVES\4003.JPG.jpeg,SCAB LEAVES/4003.JPG.jpeg,SCAB LEAVES,Apple___Apple_scab,0,954d4f9dab95ffe0915023d69b17b722f2f0bba283acbcd3fcdf0e3a4a79659f
C:\Users\gunn\Desktop\work\appleleaf\data\external_classification\kashmir\SCAB LEAVES\4004.jpg.jpeg,SCAB LEAVES/4004.jpg.jpeg,SCAB LEAVES,Apple___Apple_scab,0,d01d6adfe03e8081d7cf504aa1b39d02bb8d77939b08363bf2a3566659792ca5
C:\Users\gunn\Desktop\work\appleleaf\data\external_classification\kashmir\SCAB LEAVES\4006.jpg.jpeg,SCAB LEAVES/4006.jpg.jpeg,SCAB LEAVES,Apple___Apple_scab,0,c096e7881b44c0b64417035d94d606aa06c90541ab464b3b4d484be6cb840151
C:\Users\gunn\Desktop\work\appleleaf\data\external_classification\kashmir\SCAB LEAVES\4007.jpg.jpeg,SCAB LEAVES/4007.jpg.jpeg,SCAB LEAVES,Apple___Apple_scab,0,0de5e60e4a9d86800fd0e84aa6d8c906a895e6e9b0008af16324091e04195777
C:\Users\gunn\Desktop\work\appleleaf\data\external_classification\kashmir\SCAB LEAVES\4009.jpg.jpeg,SCAB LEAVES/4009.jpg.jpeg,SCAB LEAVES,Apple___Apple_scab,0,ce1730c934b677dd3a858dd2100ebdf09d3621207301c7e8294cc28b093dbef5
C:\Users\gunn\Desktop\work\appleleaf\data\external_classification\kashmir\SCAB LEAVES\4010.jpg.jpeg,SCAB LEAVES/4010.jpg.jpeg,SCAB LEAVES,Apple___Apple_scab,0,21c112fffc0b6ce6a15f9e024ff084952b13deb3dc60802db6c9820be221b68d
C:\Users\gunn\Desktop\work\appleleaf\data\external_classification\kashmir\SCAB LEAVES\4013.jpg.jpeg,SCAB LEAVES/4013.jpg.jpeg,SCAB LEAVES,Apple___Apple_scab,0,56131895dc6ea9d1cefe5e5117c836c6b206b8e43e4595b98ea7d2062d1c6411
C:\Users\gunn\Desktop\work\appleleaf\data\external_classification\kashmir\SCAB LEAVES\4014.jpg.jpeg,SCAB LEAVES/4014.jpg.jpeg,SCAB LEAVES,Apple___Apple_scab,0,f2b45bf6d614a2a2ac1a1686f45242b5a084dd149368bffb1fe857f9120e8021
C:\Users\gunn\Desktop\work\appleleaf\data\external_classification\kashmir\SCAB LEAVES\4015.jpg.jpeg,SCAB LEAVES/4015.jpg.jpeg,SCAB LEAVES,Apple___Apple_scab,0,0bd13072569a17a930ac2d2eefa309aabe41b1b5650448c7d88606c151e6140f
C:\Users\gunn\Desktop\work\appleleaf\data\external_classification\kashmir\SCAB LEAVES\4016.jpg.jpeg,SCAB LEAVES/4016.jpg.jpeg,SCAB LEAVES,Apple___Apple_scab,0,d89ec074342d4d9d2757b324bf1d66a1f69d1da7adeb501348e3d04849483491
C:\Users\gunn\Desktop\work\appleleaf\data\external_classification\kashmir\SCAB LEAVES\4017.jpg.jpeg,SCAB LEAVES/4017.jpg.jpeg,SCAB LEAVES,Apple___Apple_scab,0,4938e8b6334cc80f73e2b8816cf13d7cacaf3bf25db56a1e6b4a7017cdb155fa
C:\Users\gunn\Desktop\work\appleleaf\data\external_classification\kashmir\SCAB LEAVES\4019.jpg.jpeg,SCAB LEAVES/4019.jpg.jpeg,SCAB LEAVES,Apple___Apple_scab,0,431ba568e2398650cc446e14171f920dfb7659cbfd0a949cf3b0ea6f23b707e7
C:\Users\gunn\Desktop\work\appleleaf\data\external_classification\kashmir\SCAB LEAVES\4020.jpg.jpeg,SCAB LEAVES/4020.jpg.jpeg,SCAB LEAVES,Apple___Apple_scab,0,bcf9bec84a6c793959dbb663390501ee44a6a3047a9c96a790bf6f2b3494f1b4
C:\Users\gunn\Desktop\work\appleleaf\data\external_classification\kashmir\SCAB LEAVES\4021.jpg.jpeg,SCAB LEAVES/4021.jpg.jpeg,SCAB LEAVES,Apple___Apple_scab,0,14f4e505966cb23f24b8860ecb800699a2764514e83c8a78d39b617f3deed2e5
C:\Users\gunn\Desktop\work\appleleaf\data\external_classification\kashmir\SCAB LEAVES\4022.jpg.jpeg,SCAB LEAVES/4022.jpg.jpeg,SCAB LEAVES,Apple___Apple_scab,0,49193d7f19a9c01496ebda2a2de5f8fd2062b8317c697a4af66469ed5e0a92d1
C:\Users\gunn\Desktop\work\appleleaf\data\external_classification\kashmir\SCAB LEAVES\4023.jpg.jpeg,SCAB LEAVES/4023.jpg.jpeg,SCAB LEAVES,Apple___Apple_scab,0,874721db117db6da9ec820104b5352d610b5c403f6b85cf8aead78d16548cb6a
C:\Users\gunn\Desktop\work\appleleaf\data\external_classification\kashmir\SCAB LEAVES\4024.jpg.jpeg,SCAB LEAVES/4024.jpg.jpeg,SCAB LEAVES,Apple___Apple_scab,0,1d6f9e22bb755eadad2f7ca3b3b958a759620d8ce1af53af273a7aa028d5bedc
C:\Users\gunn\Desktop\work\appleleaf\data\external_classification\kashmir\SCAB LEAVES\4025.jpg.jpeg,SCAB LEAVES/4025.jpg.jpeg,SCAB LEAVES,Apple___Apple_scab,0,393ae0034097dbcd51260c1c6f19ae23db73193527f2a6b0ab2e68383946cfc9
C:\Users\gunn\Desktop\work\appleleaf\data\external_classification\kashmir\SCAB LEAVES\4030.jpg.jpeg,SCAB LEAVES/4030.jpg.jpeg,SCAB LEAVES,Apple___Apple_scab,0,4b93936d901ef3ee344a0ae793d9a65b3393beff59e519dfddf52b1d146d6128
C:\Users\gunn\Desktop\work\appleleaf\data\external_classification\kashmir\SCAB LEAVES\4033.jpg.jpeg,SCAB LEAVES/4033.jpg.jpeg,SCAB LEAVES,Apple___Apple_scab,0,35fd032ccf222a31519d481a287eba867c20d8c4549918ee5cfbce7ca1b50389
C:\Users\gunn\Desktop\work\appleleaf\data\external_classification\kashmir\SCAB LEAVES\4044.jpg.jpeg,SCAB LEAVES/4044.jpg.jpeg,SCAB LEAVES,Apple___Apple_scab,0,c5a2635a6593d1eaaac8268619fa7fa4fc8ae7504b01c761790b5faab1609178
C:\Users\gunn\Desktop\work\appleleaf\data\external_classification\kashmir\SCAB LEAVES\4045.jpg.jpeg,SCAB LEAVES/4045.jpg.jpeg,SCAB LEAVES,Apple___Apple_scab,0,311879efed0ad11e4df46f60bf1ea5266e186f28be87bd248d681ff151d1e68f
C:\Users\gunn\Desktop\work\appleleaf\data\external_classification\kashmir\SCAB LEAVES\4046.jpg.jpeg,SCAB LEAVES/4046.jpg.jpeg,SCAB LEAVES,Apple___Apple_scab,0,45137a043af9f798856279fc5196f42e0e86a63bfb191963d3c9cf9fa5cf6644
C:\Users\gunn\Desktop\work\appleleaf\data\external_classification\kashmir\SCAB LEAVES\4047.jpg.jpeg,SCAB LEAVES/4047.jpg.jpeg,SCAB LEAVES,Apple___Apple_scab,0,035cf4dcafb467964c77b337e55f2c37df210855c7463b58d90749d26bc7c0eb
C:\Users\gunn\Desktop\work\appleleaf\data\external_classification\kashmir\SCAB LEAVES\4051.jpg.jpeg,SCAB LEAVES/4051.jpg.jpeg,SCAB LEAVES,Apple___Apple_scab,0,df790991fc7b70ca9069ce6047e404eab10bfe9634c163560ccf6240b533e5e0
C:\Users\gunn\Desktop\work\appleleaf\data\external_classification\kashmir\SCAB LEAVES\4052.jpg.jpeg,SCAB LEAVES/4052.jpg.jpeg,SCAB LEAVES,Apple___Apple_scab,0,e6e63f13e9eb5ecdc743e9f1d50457c20a8612bd9f5a97619fc35023d3e15847
C:\Users\gunn\Desktop\work\appleleaf\data\external_classification\kashmir\SCAB LEAVES\4053.jpg.jpeg,SCAB LEAVES/4053.jpg.jpeg,SCAB LEAVES,Apple___Apple_scab,0,a01ff8cb13d1c382a7a0cfb83f653d720babf511a4f4d02fcfb197b944828f14
C:\Users\gunn\Desktop\work\appleleaf\data\external_classification\kashmir\SCAB LEAVES\4059.jpg.jpeg,SCAB LEAVES/4059.jpg.jpeg,SCAB LEAVES,Apple___Apple_scab,0,ea7a9ace06f46ae82ce65c3a5f77221a5793bf88eaa262bda892e1e6f868b2c6
C:\Users\gunn\Desktop\work\appleleaf\data\external_classification\kashmir\SCAB LEAVES\4060.jpg.jpeg,SCAB LEAVES/4060.jpg.jpeg,SCAB LEAVES,Apple___Apple_scab,0,31aae26c475ee25ca961011e659ae1c6de2e50d5e64bd1a5c73c0001c3dc3eae
C:\Users\gunn\Desktop\work\appleleaf\data\external_classification\kashmir\SCAB LEAVES\4062.jpg.jpeg,SCAB LEAVES/4062.jpg.jpeg,SCAB LEAVES,Apple___Apple_scab,0,1f3011edae615b38c6a356a17eda9868412c1976b3188f783d0048945c333505
C:\Users\gunn\Desktop\work\appleleaf\data\external_classification\kashmir\SCAB LEAVES\4063.jpg.jpeg,SCAB LEAVES/4063.jpg.jpeg,SCAB LEAVES,Apple___Apple_scab,0,c2751db3699108983f79e301586ea9df991ad9eadd8980adc29baf3a908bc42a
C:\Users\gunn\Desktop\work\appleleaf\data\external_classification\kashmir\SCAB LEAVES\4064.jpg.jpeg,SCAB LEAVES/4064.jpg.jpeg,SCAB LEAVES,Apple___Apple_scab,0,17cef2df7af75b1f485ca7a94899ead43a4daecb2e27b0b2c5de4a46380339b1
C:\Users\gunn\Desktop\work\appleleaf\data\external_classification\kashmir\SCAB LEAVES\4066.jpg.jpeg,SCAB LEAVES/4066.jpg.jpeg,SCAB LEAVES,Apple___Apple_scab,0,6cd8ad13d8ad507a921379f79cee6ae485028ccdc4dccb0a160cc8a4f717e2b3
C:\Users\gunn\Desktop\work\appleleaf\data\external_classification\kashmir\SCAB LEAVES\4067.jpg.jpeg,SCAB LEAVES/4067.jpg.jpeg,SCAB LEAVES,Apple___Apple_scab,0,3f90774014488cdd88bdfeeb2fe6936e7fbbfd88eca3aa264c8a479f1ad27718
C:\Users\gunn\Desktop\work\appleleaf\data\external_classification\kashmir\SCAB LEAVES\4069.jpg.jpeg,SCAB LEAVES/4069.jpg.jpeg,SCAB LEAVES,Apple___Apple_scab,0,58bb3f0bc5d119ddd293477f26061650f98fa6cc14dd9e44dd26dab518086f5e
C:\Users\gunn\Desktop\work\appleleaf\data\external_classification\kashmir\SCAB LEAVES\4070.jpg.jpeg,SCAB LEAVES/4070.jpg.jpeg,SCAB LEAVES,Apple___Apple_scab,0,1cbbd8ecec0cad88fd24dbba0795d6a94bb58d40430553180f53e7618c1cc73f
C:\Users\gunn\Desktop\work\appleleaf\data\external_classification\kashmir\SCAB LEAVES\4071.jpg.jpeg,SCAB LEAVES/4071.jpg.jpeg,SCAB LEAVES,Apple___Apple_scab,0,e0652460ba8f0e341137756569f0f43b763d228e8d5e55012ddc62ad81207179
C:\Users\gunn\Desktop\work\appleleaf\data\external_classification\kashmir\SCAB LEAVES\4076.jpg.jpeg,SCAB LEAVES/4076.jpg.jpeg,SCAB LEAVES,Apple___Apple_scab,0,8e45a9e24819a2a71c120f6ad1261986a576963341a8975ffe41534e1d6991b0
C:\Users\gunn\Desktop\work\appleleaf\data\external_classification\kashmir\SCAB LEAVES\4077.jpg.jpeg,SCAB LEAVES/4077.jpg.jpeg,SCAB LEAVES,Apple___Apple_scab,0,c90a661e10d84094a113b09b921b021ac09da2e33954914220e12c5721f94183
C:\Users\gunn\Desktop\work\appleleaf\data\external_classification\kashmir\SCAB LEAVES\4078.jpg.jpeg,SCAB LEAVES/4078.jpg.jpeg,SCAB LEAVES,Apple___Apple_scab,0,a7c1a6e9d56ccac2d7a663292ba437d73265b810199f11c1fa97114e6fa9f4e2
C:\Users\gunn\Desktop\work\appleleaf\data\external_classification\kashmir\SCAB LEAVES\4081.jpg.jpeg,SCAB LEAVES/4081.jpg.jpeg,SCAB LEAVES,Apple___Apple_scab,0,9c99146504c5834cb0a83f8476346efad4cc9e43d956aa1b3d766c3b456f46f3
C:\Users\gunn\Desktop\work\appleleaf\data\external_classification\kashmir\SCAB LEAVES\4083.jpg.jpeg,SCAB LEAVES/4083.jpg.jpeg,SCAB LEAVES,Apple___Apple_scab,0,97f074f45117c4b86aa75d2e137ad86e50f05ffe29f5e3ddac1b0f1fce2f78f9
C:\Users\gunn\Desktop\work\appleleaf\data\external_classification\kashmir\SCAB LEAVES\4086.jpg.jpeg,SCAB LEAVES/4086.jpg.jpeg,SCAB LEAVES,Apple___Apple_scab,0,7d4f0d1974180f88e44d7ddfec6332614c87663588c7b4fb67aed21f11558e1e
C:\Users\gunn\Desktop\work\appleleaf\data\external_classification\kashmir\SCAB LEAVES\4087.jpg.jpeg,SCAB LEAVES/4087.jpg.jpeg,SCAB LEAVES,Apple___Apple_scab,0,d6ec265690c9ac7766e0bfc2e29bdc317385123ee4be867b65132dc6b9f9be17
C:\Users\gunn\Desktop\work\appleleaf\data\external_classification\kashmir\SCAB LEAVES\4097.jpg.jpeg,SCAB LEAVES/4097.jpg.jpeg,SCAB LEAVES,Apple___Apple_scab,0,edf80e33971d4aedb80aeeb8391e88d80ac0cde3ec0fe1408285bf7552122295
C:\Users\gunn\Desktop\work\appleleaf\data\external_classification\kashmir\SCAB LEAVES\4098.jpg.jpeg,SCAB LEAVES/4098.jpg.jpeg,SCAB LEAVES,Apple___Apple_scab,0,3196b949546ba3692c40784d4afd7a599acde4392804b780cec4c3732549f62b
C:\Users\gunn\Desktop\work\appleleaf\data\external_classification\kashmir\SCAB LEAVES\4099.jpg.jpeg,SCAB LEAVES/4099.jpg.jpeg,SCAB LEAVES,Apple___Apple_scab,0,f417f64c962df14ab8373a1739de027ecb8e09e747835bd8fd42437637013826
C:\Users\gunn\Desktop\work\appleleaf\data\external_classification\kashmir\SCAB LEAVES\5001.jpg.jpeg,SCAB LEAVES/5001.jpg.jpeg,SCAB LEAVES,Apple___Apple_scab,0,a9a4bb3dbea92133bee262c98ba12ee837494628b8f3fb2430f4c980b3088351
