path,relative_path,source_folder,class_name,label,sha256,true_class,predicted_class,confidence,correct,probability_Apple___Apple_scab,probability_Apple___Black_rot,probability_Apple___Cedar_apple_rust,probability_Apple___healthy,review_id,draft_status,conflict_group,selection,example_id,visual_observation,reviewer,diagnosis_status
C:\Users\gunn\Desktop\work\appleleaf\data\external_classification\kashmir\SCAB LEAVES\3012.jpg.jpeg,SCAB LEAVES/3012.jpg.jpeg,SCAB LEAVES,Apple___Apple_scab,0,e1d9fa96a4e6ccb9ee3806b5c8072a361fdf4ff5143664ad142630352c014c1c,Apple___Apple_scab,Apple___healthy,0.9999128580093384,False,4.870611519436352e-05,9.313276677858084e-06,2.9107666705385785e-05,0.9999128580093384,K197,candidate_pending_label_verification,,highest confidence in folder/prediction group,E01,"Dark upper blade with multiple reddish-brown patches, including a large lower-left patch; pink background.","Codex manual visual review, 2026-10-10",Unverified; descriptive observation only; no relabeling
C:\Users\gunn\Desktop\work\appleleaf\data\external_classification\kashmir\SCAB LEAVES\2033.jpg.jpeg,SCAB LEAVES/2033.jpg.jpeg,SCAB LEAVES,Apple___Apple_scab,0,e9561c0ca20d34de5f8dd5d2378e3447276f7b0dfcd13da142cd292d8083fffa,Apple___Apple_scab,Apple___healthy,0.9747962355613708,False,0.0249827951192855,0.0001360762835247,8.494202484143898e-05,0.9747962355613708,K182,candidate_pending_label_verification,,median confidence in folder/prediction group,E02,Pale underside with prominent veins and two small dark marks; no large brown area apparent at sheet scale.,"Codex manual visual review, 2026-10-10",Unverified; descriptive observation only; no relabeling
C:\Users\gunn\Desktop\work\appleleaf\data\external_classification\kashmir\SCAB LEAVES\4053.jpg.jpeg,SCAB LEAVES/4053.jpg.jpeg,SCAB LEAVES,Apple___Apple_scab,0,a01ff8cb13d1c382a7a0cfb83f653d720babf511a4f4d02fcfb197b944828f14,Apple___Apple_scab,Apple___healthy,0.4008497595787048,False,0.269131600856781,0.0528652071952819,0.2771534323692322,0.4008497595787048,K250,candidate_pending_label_verification,,lowest confidence in folder/prediction group,E03,"Soft-focus blade with distinct tan/brown patches, including one large patch to the right of the midrib; blue background.","Codex manual visual review, 2026-10-10",Unverified; descriptive observation only; no relabeling
C:\Users\gunn\Desktop\work\appleleaf\data\external_classification\kashmir\APPLE ROT LEAVES\4012.jpg.jpeg,APPLE ROT LEAVES/4012.jpg.jpeg,APPLE ROT LEAVES,Apple___Black_rot,1,810828bb2b68ac8f2c10cbe061e4d694be5a84fae3ef16c3745c117d93e098b0,Apple___Black_rot,Apple___healthy,0.9999852180480956,False,9.279231562686618e-06,2.252252897960716e-06,3.224591182515724e-06,0.9999852180480956,K048,candidate_pending_label_verification,,highest confidence in folder/prediction group,E04,"Dark glossy, wrinkled blade on pink background; no conspicuous discrete lesion established at sheet scale.","Codex manual visual review, 2026-10-10",Unverified; descriptive observation only; no relabeling
C:\Users\gunn\Desktop\work\appleleaf\data\external_classification\kashmir\APPLE ROT LEAVES\3008.jpg.jpeg,APPLE ROT LEAVES/3008.jpg.jpeg,APPLE ROT LEAVES,Apple___Black_rot,1,cede7272517049ad154d186a82f5b328d74fe9c9f26e1ca5fb4b9415e5bea1e8,Apple___Black_rot,Apple___healthy,0.9796709418296814,False,0.0201677028089761,0.0001276547700399,3.366437158547342e-05,0.9796709418296814,K040,candidate_pending_label_verification,,median confidence in folder/prediction group,E05,"Dark blade on pink background, with subtle discoloration and a small light mark; photo alone does not confirm health or black rot.","Codex manual visual review, 2026-10-10",Unverified; descriptive observation only; no relabeling
C:\Users\gunn\Desktop\work\appleleaf\data\external_classification\kashmir\APPLE ROT LEAVES\4042.jpg.jpeg,APPLE ROT LEAVES/4042.jpg.jpeg,APPLE ROT LEAVES,Apple___Black_rot,1,307ae505265323bcf68505e2f899219e1f40076c2bd3a2ddb906e07a61ae0430,Apple___Black_rot,Apple___Apple_scab,0.999651312828064,False,0.999651312828064,5.0565733545226976e-05,3.661656364783994e-06,0.0002944348379969,K061,candidate_pending_label_verification,,highest confidence in folder/prediction group,E06,Green/yellow blade with large irregular missing/torn region near the upper tip and brown tissue at the upper edge; pink background.,"Codex manual visual review, 2026-10-10",Unverified; descriptive observation only; no relabeling
C:\Users\gunn\Desktop\work\appleleaf\data\external_classification\kashmir\APPLE ROT LEAVES\4015.jpg.jpeg,APPLE ROT LEAVES/4015.jpg.jpeg,APPLE ROT LEAVES,Apple___Black_rot,1,cfb74de6f7451b0ae880641b6c52aca222bb44b000ed0ede3fac545f82c46e83,Apple___Black_rot,Apple___Apple_scab,0.8191757798194885,False,0.8191757798194885,0.0040441201999783,7.943002128740773e-05,0.1767007261514663,K051,exclude_conflicting_folder_labels,G09,median confidence in folder/prediction group,E07,"Blade with holes, a torn upper region and dark reddish-brown margins; known rot/scab conflict group G09.","Codex manual visual review, 2026-10-10",Unverified; descriptive observation only; no relabeling
C:\Users\gunn\Desktop\work\appleleaf\data\external_classification\kashmir\HEALTHY LEAVES\1056.JPG.jpeg,HEALTHY LEAVES/1056.JPG.jpeg,HEALTHY LEAVES,Apple___healthy,3,49c7210124e68a42f43d577c90d773e6f5518ef37a363ef1757134243ad842a7,Apple___healthy,Apple___Apple_scab,0.8939021229743958,False,0.8939021229743958,0.0005587511695921,3.983336227975087e-06,0.1055352091789245,K142,candidate_pending_label_verification,,highest confidence in folder/prediction group,E08,"Green/pale blade with prominent veins, photographed against textured fabric; no obvious large lesions at sheet scale.","Codex manual visual review, 2026-10-10",Unverified; descriptive observation only; no relabeling
C:\Users\gunn\Desktop\work\appleleaf\data\external_classification\kashmir\HEALTHY LEAVES\1018.JPG.jpeg,HEALTHY LEAVES/1018.JPG.jpeg,HEALTHY LEAVES,Apple___healthy,3,cb28edc6b30cdf76a56200a535cec65718cd6a1571903f301db4260317e17cff,Apple___healthy,Apple___Apple_scab,0.6566657423973083,False,0.6566657423973083,0.0849595293402671,0.0111779905855655,0.247196689248085,K121,candidate_pending_label_verification,,median confidence in folder/prediction group,E09,Pale underside with prominent veins against textured fabric; no obvious large lesions at sheet scale.,"Codex manual visual review, 2026-10-10",Unverified; descriptive observation only; no relabeling
C:\Users\gunn\Desktop\work\appleleaf\data\external_classification\kashmir\SCAB LEAVES\2043.jpg.jpeg,SCAB LEAVES/2043.jpg.jpeg,SCAB LEAVES,Apple___Apple_scab,0,3d265acede340b45067ebdd8b94d88039448fda36f2984bde307bcc9303fdc0f,Apple___Apple_scab,Apple___Black_rot,0.937896192073822,False,0.018622737377882,0.937896192073822,0.041681632399559,0.0017994969384744,K185,candidate_pending_label_verification,,highest confidence in folder/prediction group,E10,Pale underside with numerous small pale/yellow marks across the blade; appearance does not establish scab or black rot.,"Codex manual visual review, 2026-10-10",Unverified; descriptive observation only; no relabeling
C:\Users\gunn\Desktop\work\appleleaf\data\external_classification\kashmir\SCAB LEAVES\4086.jpg.jpeg,SCAB LEAVES/4086.jpg.jpeg,SCAB LEAVES,Apple___Apple_scab,0,7d4f0d1974180f88e44d7ddfec6332614c87663588c7b4fb67aed21f11558e1e,Apple___Apple_scab,Apple___Cedar_apple_rust,0.3332275748252868,False,0.3094149231910705,0.0603478141129016,0.3332275748252868,0.2970096468925476,K266,candidate_pending_label_verification,,highest confidence in folder/prediction group,E11,Soft-focus leaf with a broad brown patch on the right side; cedar-rust prediction has only 0.3332 maximum probability.,"Codex manual visual review, 2026-10-10",Unverified; descriptive observation only; no relabeling
C:\Users\gunn\Desktop\work\appleleaf\data\external_classification\kashmir\APPLE ROT LEAVES\5022.jpg.jpeg,APPLE ROT LEAVES/5022.jpg.jpeg,APPLE ROT LEAVES,Apple___Black_rot,1,5501524692b9f9a3e7ef2e139cbfdf23cf1c43b703acea849d6aed1b3cb34b12,Apple___Black_rot,Apple___Black_rot,0.8133684992790222,True,0.1449347287416458,0.8133684992790222,0.0212527867406606,0.0204439666122198,K089,candidate_pending_label_verification,,highest confidence in folder/prediction group,E12,Dark blade with extensive brown tissue and missing/torn tissue along the right edge; agreement with rot mapping is not diagnostic confirmation.,"Codex manual visual review, 2026-10-10",Unverified; descriptive observation only; no relabeling
